   29.800000000000001        4.7988381490784146E-029   4.7988381490784146E-029
   29.600000000000001        6.0013212678187858E-029   6.0013212678187858E-029
   29.399999999999999        7.4972166501320788E-029   7.4972166501320788E-029
   29.199999999999999        9.3561542699159944E-029   9.3561542699159944E-029
   29.000000000000000        1.1663815028224516E-028   1.1663815028224516E-028
   28.800000000000001        1.4525519996600325E-028   1.4525519996600325E-028
   28.600000000000001        1.8070657237970180E-028   1.8070657237970180E-028
   28.399999999999999        2.2457615779663134E-028   2.2457615779663134E-028
   28.199999999999999        2.7881153871808715E-028   2.7881153871808715E-028
   28.000000000000000        3.4578989240552601E-028   3.4578989240552601E-028
   27.800000000000001        4.2842190046804836E-028   4.2842190046804836E-028
   27.600000000000001        5.3194537043981437E-028   5.3194537043981437E-028
   27.399999999999999        6.5399773709257640E-028   6.5399773709257640E-028
   27.199999999999999        8.0987747829189651E-028   8.0987747829189651E-028
   27.000000000000000        9.9938569833828863E-028   9.9938569833828863E-028
   26.800000000000001        1.2320174601276674E-027   1.2320174601276674E-027
   26.600000000000001        1.8366205044754361E-027   1.5173059339021244E-027
   26.399999999999999        3.3771733619878577E-027   1.8668298758413331E-027
   26.199999999999999        4.9011636764019344E-027   2.2946396756284142E-027
   26.000000000000000        6.4133569898084765E-027   2.8177690543635489E-027
   25.800000000000001        7.9596885133186989E-027   3.4568493388955382E-027
   25.600000000000001        9.6455696510952074E-027   4.2368473830495403E-027
   25.399999999999999        1.1623140154195590E-026   5.1879508287642470E-027
   25.199999999999999        1.4049431873839960E-026   6.3466280240008469E-027
   25.000000000000000        1.7053141302082274E-026   7.7568960360874834E-027
   24.800000000000001        2.0738069698082025E-026   9.4718387936516018E-027
   24.600000000000001        2.5212865709616296E-026   1.1555423154698477E-026
   24.399999999999999        3.0618172791786535E-026   1.4084665991657567E-026
   24.199999999999999        3.7136872379140653E-026   1.7152219217222777E-026
   24.000000000000000        4.4994217679840698E-026   2.0869458707615964E-026
   23.800000000000001        5.4458517436395364E-026   2.5370169724219419E-026
   23.600000000000001        6.5846294572394747E-026   3.0814932907246504E-026
   23.399999999999999        7.9531126114070677E-026   3.7396346719041984E-026
   23.199999999999999        9.5954816875679821E-026   4.5345256973376226E-026
   23.000000000000000        1.1564030857620283E-025   5.4938162859906049E-026
   22.800000000000001        1.3920643566371139E-025   6.6506010591759993E-026
   22.600000000000001        1.6738494202746647E-025   8.0444661559019767E-026
   22.399999999999999        2.0104031758018725E-025   9.7227341770717449E-026
   22.199999999999999        2.4119292838883895E-025   1.1741940027746650E-025
   22.000000000000000        2.8904595942880118E-025   1.4169584183284644E-025
   21.799999999999997        3.4601690050444352E-025   1.7086218337562951E-025
   21.600000000000001        4.1377434775495107E-025   2.0587917107522312E-025
   21.399999999999999        4.9428105077330462E-025   2.4789206543970849E-025
   21.199999999999999        5.8984410613401825E-025   2.9826545792295495E-025
   21.000000000000000        7.0317330825312725E-025   3.5862452232498742E-025
   20.799999999999997        8.3744902809114208E-025   4.3090381731807165E-025
   20.600000000000001        9.9640184198306641E-025   5.1740561392253606E-025
   20.399999999999999        1.1844040085200914E-024   6.2086713024167080E-025
   20.199999999999999        1.4065783911795050E-024   7.4454433895227594E-025
   20.000000000000000        1.6689233301285037E-024   8.9230647887696289E-025
   19.799999999999997        1.9784596398911700E-024   1.0687513646976005E-024
   19.600000000000001        2.3434020208157740E-024   1.2793405261701997E-024
   19.399999999999999        2.7733582849470708E-024   1.5305599692961222E-024
   19.199999999999999        3.2795609961421793E-024   1.8301104405035524E-024
   19.000000000000000        3.8751384422020350E-024   2.1871329109943569E-024
   18.799999999999997        4.5754328763417118E-024   2.6124764974861187E-024
   18.600000000000001        5.3983681768069223E-024   3.1190149411446645E-024
   18.399999999999999        6.3648861330381826E-024   3.7220232580620770E-024
   18.199999999999999        7.4994554538540311E-024   4.4396240331270941E-024
   18.000000000000000        8.8306691203149788E-024   5.2933151547701548E-024
   17.799999999999997        1.0391940868876680E-023   6.3085973459435709E-024
   17.600000000000001        1.2222323857523416E-023   7.5157201475693755E-024
   17.399999999999999        1.4367476318181649E-023   8.9505672110593468E-024
   17.199999999999999        1.6880798481786272E-023   1.0655708185119275E-023
   17.000000000000000        1.9824763907846225E-023   1.2681644709303231E-023
   16.799999999999997        2.3272497166680677E-023   1.5088297493011314E-023
   16.600000000000001        2.7309627790362253E-023   1.7946764278966035E-023
   16.399999999999999        3.2036464377492091E-023   2.1341418030565255E-023
   16.199999999999999        3.7570569391845158E-023   2.5372406394764127E-023
   16.000000000000000        4.4049836549681911E-023   3.0158625037520834E-023
   15.799999999999999        5.1636135503175544E-023   3.5841262631071287E-023
   15.600000000000000        6.0519623764286342E-023   4.2588003882011627E-023
   15.399999999999999        7.0923848555726487E-023   5.0598026304576357E-023
   15.199999999999999        8.3111796328987844E-023   6.0108016435450727E-023
   15.000000000000000        9.7393066840339410E-023   7.1399294700109577E-023
   14.799999999999999        1.1413243060108898E-022   8.4806338512954529E-023
   14.600000000000000        1.3375999911626222E-022   1.0072695511424197E-022
   14.399999999999999        1.5678337567938368E-022   1.1963444800744030E-022
   14.199999999999999        1.8380220127519396E-022   1.4209212393957452E-022
   14.000000000000000        2.1552538022052555E-022   1.6877063561694670E-022
   13.800000000000001        2.5279171324256177E-022   2.0046869005169818E-022
   13.599999999999998        2.9659466575140258E-022   2.3813792721790319E-022
   13.399999999999999        3.4811169465837013E-022   2.8291248727163685E-022
   13.199999999999999        4.0872077586836200E-022   3.3614434371566019E-022
   13.000000000000000        4.8012598436308230E-022   3.9944591795850883E-022
   12.800000000000001        5.6426626103047098E-022   4.7474113253707843E-022
   12.599999999999998        6.6347711566555219E-022   5.6432595554569965E-022
   12.399999999999999        7.8055231945631445E-022   6.7094026257942300E-022
   12.199999999999999        9.1880688934749651E-022   7.9785458694309795E-022
   12.000000000000000        1.0821882805764193E-021   9.4897394898578801E-022
   11.800000000000001        1.2755319641098012E-021   1.1290938525149555E-021
   11.599999999999998        1.5040411009396415E-021   1.3432526848118548E-021
   11.399999999999999        1.7747947572111220E-021   1.5988798793939939E-021
   11.199999999999999        2.0956177789942743E-021   1.9033851934190547E-021
   11.000000000000000        2.4759882610649210E-021   2.2663504400600230E-021
   10.799999999999997        2.9271948613022375E-021   2.6990468207518608E-021
   10.599999999999998        3.4626680772002615E-021   3.2148942770696459E-021
   10.399999999999999        4.0983197541371861E-021   3.8298038045467785E-021
   10.199999999999999        4.8532463804169336E-021   4.5629288544889462E-021
   10.000000000000000        5.7497536884929715E-021   5.4364563014571982E-021
   9.7999999999999972        6.8144371248089310E-021   6.4771746412468696E-021
   9.5999999999999979        8.0786284362542306E-021   7.7164218094788382E-021
   9.3999999999999986        9.5791938202500578E-021   9.1911078390995877E-021
   9.1999999999999993        1.1359324144379884E-020   1.0944503322014700E-020
   9.0000000000000000        1.3469434911707512E-020   1.3027135368036627E-020
   8.7999999999999972        1.5968087914205673E-020   1.5497683521895344E-020
   8.5999999999999979        1.8922881783925745E-020   1.8423880543390105E-020
   8.3999999999999986        2.2411368114096927E-020   2.1883437315080153E-020
   8.1999999999999993        2.6521801477430671E-020   2.5964787819255719E-020
   8.0000000000000000        3.1353640340860463E-020   3.0767592146919654E-020
   7.7999999999999972        3.7017816932829977E-020   3.6402992895404525E-020
   7.5999999999999979        4.3636475720445522E-020   4.2993427960351521E-020
   7.3999999999999986        0.0000000000000000        5.0671558352571834E-020
   7.1999999999999993        0.0000000000000000        5.9578278269744049E-020
   7.0000000000000000        0.0000000000000000        6.9860170215759426E-020
   6.7999999999999972        0.0000000000000000        8.1664998387197687E-020
   6.5999999999999979        0.0000000000000000        9.5134502414747239E-020
   6.3999999999999986        0.0000000000000000        1.1039822469833224E-019
   6.1999999999999993        0.0000000000000000        1.2756247208231821E-019
   6.0000000000000000        0.0000000000000000        1.4669665096159376E-019
   5.7999999999999972        0.0000000000000000        1.6782111453927475E-019
   5.5999999999999979        0.0000000000000000        1.9088906205846371E-019
   5.3999999999999986        0.0000000000000000        2.1576890867075554E-019
   5.1999999999999993        0.0000000000000000        2.4222705028575574E-019
   5.0000000000000000        0.0000000000000000        2.6990975204670926E-019
   4.7999999999999972        0.0000000000000000        2.9832764854412916E-019
   4.5999999999999979        0.0000000000000000        3.2685209776299947E-019
   4.3999999999999986        0.0000000000000000        3.5470030613929874E-019
   4.1999999999999993        0.0000000000000000        3.8095905705860151E-019
   4.0000000000000000        0.0000000000000000        4.0458664573146299E-019
   3.7999999999999972        0.0000000000000000        4.2446672419197285E-019
   3.5999999999999979        0.0000000000000000        4.3943603027341527E-019
   3.3999999999999986        0.0000000000000000        4.4838318922756242E-019
   3.1999999999999993        0.0000000000000000        4.5028652153889538E-019
   3.0000000000000000        0.0000000000000000        4.4434879573757366E-019
   2.7999999999999972        0.0000000000000000        4.3005832158808194E-019
   2.5999999999999979        0.0000000000000000        4.0730971497476281E-019
   2.3999999999999986        0.0000000000000000        3.7646822906918276E-019
   2.1999999999999993        0.0000000000000000        3.3839432623431984E-019
   2.0000000000000000        0.0000000000000000        2.9450607892158947E-019
   1.7999999999999972        0.0000000000000000        2.4669574371988600E-019
   1.5999999999999979        0.0000000000000000        1.9724930545429198E-019
   1.3999999999999986        0.0000000000000000        1.4867444886560744E-019
   1.1999999999999993        0.0000000000000000        1.0350254106253511E-019
   1.0000000000000000        0.0000000000000000        6.4022203054549531E-020
  0.79999999999999716        0.0000000000000000        3.2014396724098342E-020
  0.59999999999999787        0.0000000000000000        8.5012014947772402E-021
  0.39999999999999858        0.0000000000000000        0.0000000000000000     
  0.19999999999999929        0.0000000000000000        0.0000000000000000     
   0.0000000000000000        4.6626659107694748E-019   4.6692584416773483E-019
   29.800000000000001        4.7988381490784146E-029   4.7988381490784146E-029
   29.600000000000001        6.0013212678187858E-029   6.0013212678187858E-029
   29.399999999999999        7.4972166501320788E-029   7.4972166501320788E-029
   29.199999999999999        9.3561542699159944E-029   9.3561542699159944E-029
   29.000000000000000        1.1663815028224516E-028   1.1663815028224516E-028
   28.800000000000001        1.4525519996600325E-028   1.4525519996600325E-028
   28.600000000000001        1.8070657237970180E-028   1.8070657237970180E-028
   28.399999999999999        2.2457615779663134E-028   2.2457615779663134E-028
   28.199999999999999        2.7881153871808715E-028   2.7881153871808715E-028
   28.000000000000000        3.4578989240552601E-028   3.4578989240552601E-028
   27.800000000000001        4.2842190046804836E-028   4.2842190046804836E-028
   27.600000000000001        5.3194537043981437E-028   5.3194537043981437E-028
   27.399999999999999        6.5399773709257640E-028   6.5399773709257640E-028
   27.199999999999999        8.0987747829189651E-028   8.0987747829189651E-028
   27.000000000000000        9.9938569833828863E-028   9.9938569833828863E-028
   26.800000000000001        1.2320174601276674E-027   1.2320174601276674E-027
   26.600000000000001        1.8366205044754361E-027   1.5173059339021244E-027
   26.399999999999999        3.3771733619878577E-027   1.8668298758413331E-027
   26.199999999999999        4.9011636764019344E-027   2.2946396756284142E-027
   26.000000000000000        6.4133569898084765E-027   2.8177690543635489E-027
   25.800000000000001        7.9596885133186989E-027   3.4568493388955382E-027
   25.600000000000001        9.6455696510952074E-027   4.2368473830495403E-027
   25.399999999999999        1.1623140154195590E-026   5.1879508287642470E-027
   25.199999999999999        1.4049431873839960E-026   6.3466280240008469E-027
   25.000000000000000        1.7053141302082274E-026   7.7568960360874834E-027
   24.800000000000001        2.0738069698082025E-026   9.4718387936516018E-027
   24.600000000000001        2.5212865709616296E-026   1.1555423154698477E-026
   24.399999999999999        3.0618172791786535E-026   1.4084665991657567E-026
   24.199999999999999        3.7136872379140653E-026   1.7152219217222777E-026
   24.000000000000000        4.4994217679840698E-026   2.0869458707615964E-026
   23.800000000000001        5.4458517436395364E-026   2.5370169724219419E-026
   23.600000000000001        6.5846294572394747E-026   3.0814932907246504E-026
   23.399999999999999        7.9531126114070677E-026   3.7396346719041984E-026
   23.199999999999999        9.5954816875679821E-026   4.5345256973376226E-026
   23.000000000000000        1.1564030857620283E-025   5.4938162859906049E-026
   22.800000000000001        1.3920643566371139E-025   6.6506010591759993E-026
   22.600000000000001        1.6738494202746647E-025   8.0444661559019767E-026
   22.399999999999999        2.0104031758018725E-025   9.7227341770717449E-026
   22.199999999999999        2.4119292838883895E-025   1.1741940027746650E-025
   22.000000000000000        2.8904595942880118E-025   1.4169584183284644E-025
   21.799999999999997        3.4601690050444352E-025   1.7086218337562951E-025
   21.600000000000001        4.1377434775495107E-025   2.0587917107522312E-025
   21.399999999999999        4.9428105077330462E-025   2.4789206543970849E-025
   21.199999999999999        5.8984410613401825E-025   2.9826545792295495E-025
   21.000000000000000        7.0317330825312725E-025   3.5862452232498742E-025
   20.799999999999997        8.3744902809114208E-025   4.3090381731807165E-025
   20.600000000000001        9.9640184198306641E-025   5.1740561392253606E-025
   20.399999999999999        1.1844040085200914E-024   6.2086713024167080E-025
   20.199999999999999        1.4065783911795050E-024   7.4454433895227594E-025
   20.000000000000000        1.6689233301285037E-024   8.9230647887696289E-025
   19.799999999999997        1.9784596398911700E-024   1.0687513646976005E-024
   19.600000000000001        2.3434020208157740E-024   1.2793405261701997E-024
   19.399999999999999        2.7733582849470708E-024   1.5305599692961222E-024
   19.199999999999999        3.2795609961421793E-024   1.8301104405035524E-024
   19.000000000000000        3.8751384422020350E-024   2.1871329109943569E-024
   18.799999999999997        4.5754328763417118E-024   2.6124764974861187E-024
   18.600000000000001        5.3983681768069223E-024   3.1190149411446645E-024
   18.399999999999999        6.3648861330381826E-024   3.7220232580620770E-024
   18.199999999999999        7.4994554538540311E-024   4.4396240331270941E-024
   18.000000000000000        8.8306691203149788E-024   5.2933151547701548E-024
   17.799999999999997        1.0391940868876680E-023   6.3085973459435709E-024
   17.600000000000001        1.2222323857523416E-023   7.5157201475693755E-024
   17.399999999999999        1.4367476318181649E-023   8.9505672110593468E-024
   17.199999999999999        1.6880798481786272E-023   1.0655708185119275E-023
   17.000000000000000        1.9824763907846225E-023   1.2681644709303231E-023
   16.799999999999997        2.3272497166680677E-023   1.5088297493011314E-023
   16.600000000000001        2.7309627790362253E-023   1.7946764278966035E-023
   16.399999999999999        3.2036464377492091E-023   2.1341418030565255E-023
   16.199999999999999        3.7570569391845158E-023   2.5372406394764127E-023
   16.000000000000000        4.4049836549681911E-023   3.0158625037520834E-023
   15.799999999999999        5.1636135503175544E-023   3.5841262631071287E-023
   15.600000000000000        6.0519623764286342E-023   4.2588003882011627E-023
   15.399999999999999        7.0923848555726487E-023   5.0598026304576357E-023
   15.199999999999999        8.3111796328987844E-023   6.0108016435450727E-023
   15.000000000000000        9.7393066840339410E-023   7.1399294700109577E-023
   14.799999999999999        1.1413243060108898E-022   8.4806338512954529E-023
   14.600000000000000        1.3375999911626222E-022   1.0072695511424197E-022
   14.399999999999999        1.5678337567938368E-022   1.1963444800744030E-022
   14.199999999999999        1.8380220127519396E-022   1.4209212393957452E-022
   14.000000000000000        2.1552538022052555E-022   1.6877063561694670E-022
   13.800000000000001        2.5279171324256177E-022   2.0046869005169818E-022
   13.599999999999998        2.9659466575140258E-022   2.3813792721790319E-022
   13.399999999999999        3.4811169465837013E-022   2.8291248727163685E-022
   13.199999999999999        4.0872077586836200E-022   3.3614434371566019E-022
   13.000000000000000        4.8012598436308230E-022   3.9944591795850883E-022
   12.800000000000001        5.6426626103047098E-022   4.7474113253707843E-022
   12.599999999999998        6.6347711566555219E-022   5.6432595554569965E-022
   12.399999999999999        7.8055231945631445E-022   6.7094026257942300E-022
   12.199999999999999        9.1880688934749651E-022   7.9785458694309795E-022
   12.000000000000000        1.0821882805764193E-021   9.4897394898578801E-022
   11.800000000000001        1.2755319641098012E-021   1.1290938525149555E-021
   11.599999999999998        1.5040411009396415E-021   1.3432526848118548E-021
   11.399999999999999        1.7747947572111220E-021   1.5988798793939939E-021
   11.199999999999999        2.0956177789942743E-021   1.9033851934190547E-021
   11.000000000000000        2.4759882610649210E-021   2.2663504400600230E-021
   10.799999999999997        2.9271948613022375E-021   2.6990468207518608E-021
   10.599999999999998        3.4626680772002615E-021   3.2148942770696459E-021
   10.399999999999999        4.0983197541371861E-021   3.8298038045467785E-021
   10.199999999999999        4.8532463804169336E-021   4.5629288544889462E-021
   10.000000000000000        5.7497536884929715E-021   5.4364563014571982E-021
   9.7999999999999972        6.8144371248089310E-021   6.4771746412468696E-021
   9.5999999999999979        8.0786284362542306E-021   7.7164218094788382E-021
   9.3999999999999986        9.5791938202500578E-021   9.1911078390995877E-021
   9.1999999999999993        1.1359324144379884E-020   1.0944503322014700E-020
   9.0000000000000000        1.3469434911707512E-020   1.3027135368036627E-020
   8.7999999999999972        1.5968087914205673E-020   1.5497683521895344E-020
   8.5999999999999979        1.8922881783925745E-020   1.8423880543390105E-020
   8.3999999999999986        2.2411368114096927E-020   2.1883437315080153E-020
   8.1999999999999993        2.6521801477430671E-020   2.5964787819255719E-020
   8.0000000000000000        3.1353640340860463E-020   3.0767592146919654E-020
   7.7999999999999972        3.7017816932829977E-020   3.6402992895404525E-020
   7.5999999999999979        4.3636475720445522E-020   4.2993427960351521E-020
   7.3999999999999986        5.1342027320716040E-020   5.0671558352571834E-020
   7.1999999999999993        6.0275076669049818E-020   5.9578278269744049E-020
   7.0000000000000000        7.0581826442804612E-020   6.9860170215759426E-020
   6.7999999999999972        8.2409724425781522E-020   8.1664998387197687E-020
   6.5999999999999979        9.5900495747419682E-020   9.5134502414747239E-020
   6.3999999999999986        1.1118289214315668E-019   1.1039822469833224E-019
   6.1999999999999993        1.2836284129507826E-019   1.2756247208231821E-019
   6.0000000000000000        1.4750983033292254E-019   1.4669665096159376E-019
   5.7999999999999972        1.6864364578455102E-019   1.6782111453927475E-019
   5.5999999999999979        1.9198847498945037E-019   1.9088906205846371E-019
   5.3999999999999986        2.1736468639844722E-019   2.1576890867075554E-019
   5.1999999999999993        2.4451727190696026E-019   2.4222705028575574E-019
   5.0000000000000000        2.7311841324486781E-019   2.6990975204670926E-019
   4.7999999999999972        3.0271010603274564E-019   2.9832764854412916E-019
   4.5999999999999979        3.3267509969559100E-019   3.2685209776299947E-019
   4.3999999999999986        3.6221468570064539E-019   3.5470030613929874E-019
   4.1999999999999993        3.9036191487346146E-019   3.8095905705860151E-019
   4.0000000000000000        4.1601830109877684E-019   4.0458664573146299E-019
   3.7999999999999972        4.3793108022447459E-019   4.2446672419197285E-019
   3.5999999999999979        4.5416140956716249E-019   4.3943603027341527E-019
   3.3999999999999986        4.6366175057518676E-019   4.4838318922756242E-019
   3.1999999999999993        4.6567550891268289E-019   4.5028652153889538E-019
   3.0000000000000000        4.5953691356524582E-019   4.4434879573757366E-019
   2.7999999999999972        4.4482142269101589E-019   4.3005832158808194E-019
   2.5999999999999979        4.2147529243219690E-019   4.0730971497476281E-019
   2.3999999999999986        3.8988479489252487E-019   3.7646822906918276E-019
   2.1999999999999993        3.5095116813065450E-019   3.3839432623431984E-019
   2.0000000000000000        3.0610851450927933E-019   2.9450607892158947E-019
   1.7999999999999972        2.5727105272242806E-019   2.4669574371988600E-019
   1.5999999999999979        2.0674871655099069E-019   1.9724930545429198E-019
   1.3999999999999986        1.5672642300725268E-019   1.4867444886560744E-019
   1.1999999999999993        1.1079880744925226E-019   1.0350254106253511E-019
   1.0000000000000000        7.0237466645662835E-020   6.4022203054549531E-020
  0.79999999999999716        3.7196911861726777E-020   3.2014396724098342E-020
  0.59999999999999787        1.2726626670718458E-020   8.5012014947772402E-021
  0.39999999999999858        0.0000000000000000        0.0000000000000000     
  0.19999999999999929        0.0000000000000000        0.0000000000000000     
   0.0000000000000000        4.6547154432061470E-019   4.6692584416773483E-019
   29.800000000000001        4.7988381490784146E-029   4.7988381490784146E-029
   29.600000000000001        6.0013212678187858E-029   6.0013212678187858E-029
   29.399999999999999        7.4972166501320788E-029   7.4972166501320788E-029
   29.199999999999999        9.3561542699159944E-029   9.3561542699159944E-029
   29.000000000000000        1.1663815028224516E-028   1.1663815028224516E-028
   28.800000000000001        1.4525519996600325E-028   1.4525519996600325E-028
   28.600000000000001        1.8070657237970180E-028   1.8070657237970180E-028
   28.399999999999999        2.2457615779663134E-028   2.2457615779663134E-028
   28.199999999999999        2.7881153871808715E-028   2.7881153871808715E-028
   28.000000000000000        3.4578989240552601E-028   3.4578989240552601E-028
   27.800000000000001        4.2842190046804836E-028   4.2842190046804836E-028
   27.600000000000001        5.3194537043981437E-028   5.3194537043981437E-028
   27.399999999999999        6.5399773709257640E-028   6.5399773709257640E-028
   27.199999999999999        8.0987747829189651E-028   8.0987747829189651E-028
   27.000000000000000        9.9938569833828863E-028   9.9938569833828863E-028
   26.800000000000001        1.2320174601276674E-027   1.2320174601276674E-027
   26.600000000000001        1.8366205044754361E-027   1.5173059339021244E-027
   26.399999999999999        3.3771733619878577E-027   1.8668298758413331E-027
   26.199999999999999        4.9011636764019344E-027   2.2946396756284142E-027
   26.000000000000000        6.4133569898084765E-027   2.8177690543635489E-027
   25.800000000000001        7.9596885133186989E-027   3.4568493388955382E-027
   25.600000000000001        9.6455696510952074E-027   4.2368473830495403E-027
   25.399999999999999        1.1623140154195590E-026   5.1879508287642470E-027
   25.199999999999999        1.4049431873839960E-026   6.3466280240008469E-027
   25.000000000000000        1.7053141302082274E-026   7.7568960360874834E-027
   24.800000000000001        2.0738069698082025E-026   9.4718387936516018E-027
   24.600000000000001        2.5212865709616296E-026   1.1555423154698477E-026
   24.399999999999999        3.0618172791786535E-026   1.4084665991657567E-026
   24.199999999999999        3.7136872379140653E-026   1.7152219217222777E-026
   24.000000000000000        4.4994217679840698E-026   2.0869458707615964E-026
   23.800000000000001        5.4458517436395364E-026   2.5370169724219419E-026
   23.600000000000001        6.5846294572394747E-026   3.0814932907246504E-026
   23.399999999999999        7.9531126114070677E-026   3.7396346719041984E-026
   23.199999999999999        9.5954816875679821E-026   4.5345256973376226E-026
   23.000000000000000        1.1564030857620283E-025   5.4938162859906049E-026
   22.800000000000001        1.3920643566371139E-025   6.6506010591759993E-026
   22.600000000000001        1.6738494202746647E-025   8.0444661559019767E-026
   22.399999999999999        2.0104031758018725E-025   9.7227341770717449E-026
   22.199999999999999        2.4119292838883895E-025   1.1741940027746650E-025
   22.000000000000000        2.8904595942880118E-025   1.4169584183284644E-025
   21.799999999999997        3.4601690050444352E-025   1.7086218337562951E-025
   21.600000000000001        4.1377434775495107E-025   2.0587917107522312E-025
   21.399999999999999        4.9428105077330462E-025   2.4789206543970849E-025
   21.199999999999999        5.8984410613401825E-025   2.9826545792295495E-025
   21.000000000000000        7.0317330825312725E-025   3.5862452232498742E-025
   20.799999999999997        8.3744902809114208E-025   4.3090381731807165E-025
   20.600000000000001        9.9640184198306641E-025   5.1740561392253606E-025
   20.399999999999999        1.1844040085200914E-024   6.2086713024167080E-025
   20.199999999999999        1.4065783911795050E-024   7.4454433895227594E-025
   20.000000000000000        1.6689233301285037E-024   8.9230647887696289E-025
   19.799999999999997        1.9784596398911700E-024   1.0687513646976005E-024
   19.600000000000001        2.3434020208157740E-024   1.2793405261701997E-024
   19.399999999999999        2.7733582849470708E-024   1.5305599692961222E-024
   19.199999999999999        3.2795609961421793E-024   1.8301104405035524E-024
   19.000000000000000        3.8751384422020350E-024   2.1871329109943569E-024
   18.799999999999997        4.5754328763417118E-024   2.6124764974861187E-024
   18.600000000000001        5.3983681768069223E-024   3.1190149411446645E-024
   18.399999999999999        6.3648861330381826E-024   3.7220232580620770E-024
   18.199999999999999        7.4994554538540311E-024   4.4396240331270941E-024
   18.000000000000000        8.8306691203149788E-024   5.2933151547701548E-024
   17.799999999999997        1.0391940868876680E-023   6.3085973459435709E-024
   17.600000000000001        1.2222323857523416E-023   7.5157201475693755E-024
   17.399999999999999        1.4367476318181649E-023   8.9505672110593468E-024
   17.199999999999999        1.6880798481786272E-023   1.0655708185119275E-023
   17.000000000000000        1.9824763907846225E-023   1.2681644709303231E-023
   16.799999999999997        2.3272497166680677E-023   1.5088297493011314E-023
   16.600000000000001        2.7309627790362253E-023   1.7946764278966035E-023
   16.399999999999999        3.2036464377492091E-023   2.1341418030565255E-023
   16.199999999999999        3.7570569391845158E-023   2.5372406394764127E-023
   16.000000000000000        4.4049836549681911E-023   3.0158625037520834E-023
   15.799999999999999        5.1636135503175544E-023   3.5841262631071287E-023
   15.600000000000000        6.0519623764286342E-023   4.2588003882011627E-023
   15.399999999999999        7.0923848555726487E-023   5.0598026304576357E-023
   15.199999999999999        8.3111796328987844E-023   6.0108016435450727E-023
   15.000000000000000        9.7393066840339410E-023   7.1399294700109577E-023
   14.799999999999999        1.1413243060108898E-022   8.4806338512954529E-023
   14.600000000000000        1.3375999911626222E-022   1.0072695511424197E-022
   14.399999999999999        1.5678337567938368E-022   1.1963444800744030E-022
   14.199999999999999        1.8380220127519396E-022   1.4209212393957452E-022
   14.000000000000000        2.1552538022052555E-022   1.6877063561694670E-022
   13.800000000000001        2.5279171324256177E-022   2.0046869005169818E-022
   13.599999999999998        2.9659466575140258E-022   2.3813792721790319E-022
   13.399999999999999        3.4811169465837013E-022   2.8291248727163685E-022
   13.199999999999999        4.0872077586836200E-022   3.3614434371566019E-022
   13.000000000000000        4.8012598436308230E-022   3.9944591795850883E-022
   12.800000000000001        5.6426626103047098E-022   4.7474113253707843E-022
   12.599999999999998        6.6347711566555219E-022   5.6432595554569965E-022
   12.399999999999999        7.8055231945631445E-022   6.7094026257942300E-022
   12.199999999999999        9.1880688934749651E-022   7.9785458694309795E-022
   12.000000000000000        1.0821882805764193E-021   9.4897394898578801E-022
   11.800000000000001        1.2755319641098012E-021   1.1290938525149555E-021
   11.599999999999998        1.5040411009396415E-021   1.3432526848118548E-021
   11.399999999999999        1.7747947572111220E-021   1.5988798793939939E-021
   11.199999999999999        2.0956177789942743E-021   1.9033851934190547E-021
   11.000000000000000        2.4759882610649210E-021   2.2663504400600230E-021
   10.799999999999997        2.9271948613022375E-021   2.6990468207518608E-021
   10.599999999999998        3.4626680772002615E-021   3.2148942770696459E-021
   10.399999999999999        4.0983197541371861E-021   3.8298038045467785E-021
   10.199999999999999        4.8532463804169336E-021   4.5629288544889462E-021
   10.000000000000000        5.7497536884929715E-021   5.4364563014571982E-021
   9.7999999999999972        6.8144371248089310E-021   6.4771746412468696E-021
   9.5999999999999979        8.0786284362542306E-021   7.7164218094788382E-021
   9.3999999999999986        9.5791938202500578E-021   9.1911078390995877E-021
   9.1999999999999993        1.1359324144379884E-020   1.0944503322014700E-020
   9.0000000000000000        1.3469434911707512E-020   1.3027135368036627E-020
   8.7999999999999972        1.5968087914205673E-020   1.5497683521895344E-020
   8.5999999999999979        1.8922881783925745E-020   1.8423880543390105E-020
   8.3999999999999986        2.2411368114096927E-020   2.1883437315080153E-020
   8.1999999999999993        2.6521801477430671E-020   2.5964787819255719E-020
   8.0000000000000000        3.1353640340860463E-020   3.0767592146919654E-020
   7.7999999999999972        3.7017816932829977E-020   3.6402992895404525E-020
   7.5999999999999979        4.3636475720445522E-020   4.2993427960351521E-020
   7.3999999999999986        5.1342027320716040E-020   5.0671558352571834E-020
   7.1999999999999993        6.0275076669049818E-020   5.9578278269744049E-020
   7.0000000000000000        7.0581826442804612E-020   6.9860170215759426E-020
   6.7999999999999972        8.2409724425781522E-020   8.1664998387197687E-020
   6.5999999999999979        9.5900495747419682E-020   9.5134502414747239E-020
   6.3999999999999986        1.1118289214315668E-019   1.1039822469833224E-019
   6.1999999999999993        1.2836284129507826E-019   1.2756247208231821E-019
   6.0000000000000000        1.4750983033292254E-019   1.4669665096159376E-019
   5.7999999999999972        1.6864364578455102E-019   1.6782111453927475E-019
   5.5999999999999979        1.9198847498945037E-019   1.9088906205846371E-019
   5.3999999999999986        2.1736468639844722E-019   2.1576890867075554E-019
   5.1999999999999993        2.4451727190696026E-019   2.4222705028575574E-019
   5.0000000000000000        2.7311841324486781E-019   2.6990975204670926E-019
   4.7999999999999972        3.0271010603274564E-019   2.9832764854412916E-019
   4.5999999999999979        3.3267509969559100E-019   3.2685209776299947E-019
   4.3999999999999986        3.6221468570064539E-019   3.5470030613929874E-019
   4.1999999999999993        3.9036191487346146E-019   3.8095905705860151E-019
   4.0000000000000000        4.1601830109877684E-019   4.0458664573146299E-019
   3.7999999999999972        4.3793108022447459E-019   4.2446672419197285E-019
   3.5999999999999979        4.5416140956716249E-019   4.3943603027341527E-019
   3.3999999999999986        4.6366175057518676E-019   4.4838318922756242E-019
   3.1999999999999993        4.6567550891268289E-019   4.5028652153889538E-019
   3.0000000000000000        4.5953691356524582E-019   4.4434879573757366E-019
   2.7999999999999972        4.4482142269101589E-019   4.3005832158808194E-019
   2.5999999999999979        4.2147529243219690E-019   4.0730971497476281E-019
   2.3999999999999986        3.8988479489252487E-019   3.7646822906918276E-019
   2.1999999999999993        3.5095116813065450E-019   3.3839432623431984E-019
   2.0000000000000000        3.0610851450927933E-019   2.9450607892158947E-019
   1.7999999999999972        2.5727105272242806E-019   2.4669574371988600E-019
   1.5999999999999979        2.0674871655099069E-019   1.9724930545429198E-019
   1.3999999999999986        1.5672642300725268E-019   1.4867444886560744E-019
   1.1999999999999993        1.1079880744925226E-019   1.0350254106253511E-019
   1.0000000000000000        7.0237466645662835E-020   6.4022203054549531E-020
  0.79999999999999716        3.7196911861726777E-020   3.2014396724098342E-020
  0.59999999999999787        1.2726626670718458E-020   8.5012014947772402E-021
  0.39999999999999858        0.0000000000000000        0.0000000000000000     
  0.19999999999999929        0.0000000000000000        0.0000000000000000     
   0.0000000000000000        4.6547154432061470E-019   4.6692584416773483E-019
   29.800000000000001        0.0000000000000000        4.7988381490784146E-029
   29.600000000000001        0.0000000000000000        6.0013212678187858E-029
   29.399999999999999        0.0000000000000000        7.4972166501320788E-029
   29.199999999999999        0.0000000000000000        9.3561542699159944E-029
   29.000000000000000        0.0000000000000000        1.1663815028224516E-028
   28.800000000000001        0.0000000000000000        1.4525519996600325E-028
   28.600000000000001        0.0000000000000000        1.8070657237970180E-028
   28.399999999999999        0.0000000000000000        2.2457615779663134E-028
   28.199999999999999        0.0000000000000000        2.7881153871808715E-028
   28.000000000000000        0.0000000000000000        3.4578989240552601E-028
   27.800000000000001        0.0000000000000000        4.2842190046804836E-028
   27.600000000000001        0.0000000000000000        5.3194537043981437E-028
   27.399999999999999        0.0000000000000000        6.5399773709257640E-028
   27.199999999999999        0.0000000000000000        8.0987747829189651E-028
   27.000000000000000        0.0000000000000000        9.9938569833828863E-028
   26.800000000000001        0.0000000000000000        1.2320174601276674E-027
   26.600000000000001        0.0000000000000000        1.5173059339021244E-027
   26.399999999999999        0.0000000000000000        1.8668298758413331E-027
   26.199999999999999        0.0000000000000000        2.2946396756284142E-027
   26.000000000000000        0.0000000000000000        2.8177690543635489E-027
   25.800000000000001        0.0000000000000000        3.4568493388955382E-027
   25.600000000000001        0.0000000000000000        4.2368473830495403E-027
   25.399999999999999        0.0000000000000000        5.1879508287642470E-027
   25.199999999999999        0.0000000000000000        6.3466280240008469E-027
   25.000000000000000        0.0000000000000000        7.7568960360874834E-027
   24.800000000000001        0.0000000000000000        9.4718387936516018E-027
   24.600000000000001        0.0000000000000000        1.1555423154698477E-026
   24.399999999999999        0.0000000000000000        1.4084665991657567E-026
   24.199999999999999        0.0000000000000000        1.7152219217222777E-026
   24.000000000000000        0.0000000000000000        2.0869458707615964E-026
   23.800000000000001        0.0000000000000000        2.5370169724219419E-026
   23.600000000000001        0.0000000000000000        3.0814932907246504E-026
   23.399999999999999        0.0000000000000000        3.7396346719041984E-026
   23.199999999999999        0.0000000000000000        4.5345256973376226E-026
   23.000000000000000        0.0000000000000000        5.4938162859906049E-026
   22.800000000000001        0.0000000000000000        6.6506010591759993E-026
   22.600000000000001        0.0000000000000000        8.0444661559019767E-026
   22.399999999999999        0.0000000000000000        9.7227341770717449E-026
   22.199999999999999        0.0000000000000000        1.1741940027746650E-025
   22.000000000000000        0.0000000000000000        1.4169584183284644E-025
   21.799999999999997        0.0000000000000000        1.7086218337562951E-025
   21.600000000000001        0.0000000000000000        2.0587917107522312E-025
   21.399999999999999        0.0000000000000000        2.4789206543970849E-025
   21.199999999999999        0.0000000000000000        2.9826545792295495E-025
   21.000000000000000        0.0000000000000000        3.5862452232498742E-025
   20.799999999999997        0.0000000000000000        4.3090381731807165E-025
   20.600000000000001        0.0000000000000000        5.1740561392253606E-025
   20.399999999999999        0.0000000000000000        6.2086713024167080E-025
   20.199999999999999        0.0000000000000000        7.4454433895227594E-025
   20.000000000000000        0.0000000000000000        8.9230647887696289E-025
   19.799999999999997        0.0000000000000000        1.0687513646976005E-024
   19.600000000000001        0.0000000000000000        1.2793405261701997E-024
   19.399999999999999        0.0000000000000000        1.5305599692961222E-024
   19.199999999999999        0.0000000000000000        1.8301104405035524E-024
   19.000000000000000        0.0000000000000000        2.1871329109943569E-024
   18.799999999999997        0.0000000000000000        2.6124764974861187E-024
   18.600000000000001        0.0000000000000000        3.1190149411446645E-024
   18.399999999999999        0.0000000000000000        3.7220232580620770E-024
   18.199999999999999        0.0000000000000000        4.4396240331270941E-024
   18.000000000000000        0.0000000000000000        5.2933151547701548E-024
   17.799999999999997        0.0000000000000000        6.3085973459435709E-024
   17.600000000000001        0.0000000000000000        7.5157201475693755E-024
   17.399999999999999        0.0000000000000000        8.9505672110593468E-024
   17.199999999999999        0.0000000000000000        1.0655708185119275E-023
   17.000000000000000        0.0000000000000000        1.2681644709303231E-023
   16.799999999999997        0.0000000000000000        1.5088297493011314E-023
   16.600000000000001        0.0000000000000000        1.7946764278966035E-023
   16.399999999999999        0.0000000000000000        2.1341418030565255E-023
   16.199999999999999        0.0000000000000000        2.5372406394764127E-023
   16.000000000000000        0.0000000000000000        3.0158625037520834E-023
   15.799999999999999        0.0000000000000000        3.5841262631071287E-023
   15.600000000000000        0.0000000000000000        4.2588003882011627E-023
   15.399999999999999        0.0000000000000000        5.0598026304576357E-023
   15.199999999999999        0.0000000000000000        6.0108016435450727E-023
   15.000000000000000        0.0000000000000000        7.1399294700109577E-023
   14.799999999999999        0.0000000000000000        8.4806338512954529E-023
   14.600000000000000        0.0000000000000000        1.0072695511424197E-022
   14.399999999999999        0.0000000000000000        1.1963444800744030E-022
   14.199999999999999        0.0000000000000000        1.4209212393957452E-022
   14.000000000000000        0.0000000000000000        1.6877063561694670E-022
   13.800000000000001        0.0000000000000000        2.0046869005169818E-022
   13.599999999999998        0.0000000000000000        2.3813792721790319E-022
   13.399999999999999        0.0000000000000000        2.8291248727163685E-022
   13.199999999999999        0.0000000000000000        3.3614434371566019E-022
   13.000000000000000        0.0000000000000000        3.9944591795850883E-022
   12.800000000000001        0.0000000000000000        4.7474113253707843E-022
   12.599999999999998        0.0000000000000000        5.6432595554569965E-022
   12.399999999999999        0.0000000000000000        6.7094026257942300E-022
   12.199999999999999        0.0000000000000000        7.9785458694309795E-022
   12.000000000000000        0.0000000000000000        9.4897394898578801E-022
   11.800000000000001        0.0000000000000000        1.1290938525149555E-021
   11.599999999999998        0.0000000000000000        1.3432526848118548E-021
   11.399999999999999        0.0000000000000000        1.5988798793939939E-021
   11.199999999999999        0.0000000000000000        1.9033851934190547E-021
   11.000000000000000        0.0000000000000000        2.2663504400600230E-021
   10.799999999999997        0.0000000000000000        2.6990468207518608E-021
   10.599999999999998        0.0000000000000000        3.2148942770696459E-021
   10.399999999999999        0.0000000000000000        3.8298038045467785E-021
   10.199999999999999        0.0000000000000000        4.5629288544889462E-021
   10.000000000000000        0.0000000000000000        5.4364563014571982E-021
   9.7999999999999972        0.0000000000000000        6.4771746412468696E-021
   9.5999999999999979        0.0000000000000000        7.7164218094788382E-021
   9.3999999999999986        0.0000000000000000        9.1911078390995877E-021
   9.1999999999999993        0.0000000000000000        1.0944503322014700E-020
   9.0000000000000000        0.0000000000000000        1.3027135368036627E-020
   8.7999999999999972        0.0000000000000000        1.5497683521895344E-020
   8.5999999999999979        0.0000000000000000        1.8423880543390105E-020
   8.3999999999999986        0.0000000000000000        2.1883437315080153E-020
   8.1999999999999993        0.0000000000000000        2.5964787819255719E-020
   8.0000000000000000        0.0000000000000000        3.0767592146919654E-020
   7.7999999999999972        0.0000000000000000        3.6402992895404525E-020
   7.5999999999999979        0.0000000000000000        4.2993427960351521E-020
   7.3999999999999986        0.0000000000000000        5.0671558352571834E-020
   7.1999999999999993        0.0000000000000000        5.9578278269744049E-020
   7.0000000000000000        0.0000000000000000        6.9860170215759426E-020
   6.7999999999999972        0.0000000000000000        8.1664998387197687E-020
   6.5999999999999979        0.0000000000000000        9.5134502414747239E-020
   6.3999999999999986        0.0000000000000000        1.1039822469833224E-019
   6.1999999999999993        0.0000000000000000        1.2756247208231821E-019
   6.0000000000000000        0.0000000000000000        1.4669665096159376E-019
   5.7999999999999972        0.0000000000000000        1.6782111453927475E-019
   5.5999999999999979        0.0000000000000000        1.9088906205846371E-019
   5.3999999999999986        0.0000000000000000        2.1576890867075554E-019
   5.1999999999999993        0.0000000000000000        2.4222705028575574E-019
   5.0000000000000000        0.0000000000000000        2.6990975204670926E-019
   4.7999999999999972        0.0000000000000000        2.9832764854412916E-019
   4.5999999999999979        0.0000000000000000        3.2685209776299947E-019
   4.3999999999999986        0.0000000000000000        3.5470030613929874E-019
   4.1999999999999993        0.0000000000000000        3.8095905705860151E-019
   4.0000000000000000        0.0000000000000000        4.0458664573146299E-019
   3.7999999999999972        0.0000000000000000        4.2446672419197285E-019
   3.5999999999999979        0.0000000000000000        4.3943603027341527E-019
   3.3999999999999986        0.0000000000000000        4.4838318922756242E-019
   3.1999999999999993        0.0000000000000000        4.5028652153889538E-019
   3.0000000000000000        0.0000000000000000        4.4434879573757366E-019
   2.7999999999999972        0.0000000000000000        4.3005832158808194E-019
   2.5999999999999979        0.0000000000000000        4.0730971497476281E-019
   2.3999999999999986        0.0000000000000000        3.7646822906918276E-019
   2.1999999999999993        0.0000000000000000        3.3839432623431984E-019
   2.0000000000000000        0.0000000000000000        2.9450607892158947E-019
   1.7999999999999972        0.0000000000000000        2.4669574371988600E-019
   1.5999999999999979        0.0000000000000000        1.9724930545429198E-019
   1.3999999999999986        0.0000000000000000        1.4867444886560744E-019
   1.1999999999999993        0.0000000000000000        1.0350254106253511E-019
   1.0000000000000000        0.0000000000000000        6.4022203054549531E-020
  0.79999999999999716        0.0000000000000000        3.2014396724098342E-020
  0.59999999999999787        0.0000000000000000        8.5012014947772402E-021
  0.39999999999999858        0.0000000000000000        0.0000000000000000     
  0.19999999999999929        0.0000000000000000        0.0000000000000000     
   0.0000000000000000        4.6626659063240684E-019   4.6692584416773483E-019
   29.800000000000001        4.7988381490784146E-029   4.7988381490784146E-029
   29.600000000000001        6.0013212678187858E-029   6.0013212678187858E-029
   29.399999999999999        7.4972166501320788E-029   7.4972166501320788E-029
   29.199999999999999        9.3561542699159944E-029   9.3561542699159944E-029
   29.000000000000000        1.1663815028224516E-028   1.1663815028224516E-028
   28.800000000000001        1.4525519996600325E-028   1.4525519996600325E-028
   28.600000000000001        1.8070657237970180E-028   1.8070657237970180E-028
   28.399999999999999        2.2457615779663134E-028   2.2457615779663134E-028
   28.199999999999999        2.7881153871808715E-028   2.7881153871808715E-028
   28.000000000000000        3.4578989240552601E-028   3.4578989240552601E-028
   27.800000000000001        4.2842190046804836E-028   4.2842190046804836E-028
   27.600000000000001        5.3194537043981437E-028   5.3194537043981437E-028
   27.399999999999999        6.5399773709257640E-028   6.5399773709257640E-028
   27.199999999999999        8.0987747829189651E-028   8.0987747829189651E-028
   27.000000000000000        9.9938569833828863E-028   9.9938569833828863E-028
   26.800000000000001        1.2320174601276674E-027   1.2320174601276674E-027
   26.600000000000001        1.8366205044754361E-027   1.5173059339021244E-027
   26.399999999999999        3.3771733619878577E-027   1.8668298758413331E-027
   26.199999999999999        4.9011636764019344E-027   2.2946396756284142E-027
   26.000000000000000        6.4133569898084765E-027   2.8177690543635489E-027
   25.800000000000001        7.9596885133186989E-027   3.4568493388955382E-027
   25.600000000000001        9.6455696510952074E-027   4.2368473830495403E-027
   25.399999999999999        1.1623140154195590E-026   5.1879508287642470E-027
   25.199999999999999        1.4049431873839960E-026   6.3466280240008469E-027
   25.000000000000000        1.7053141302082274E-026   7.7568960360874834E-027
   24.800000000000001        2.0738069698082025E-026   9.4718387936516018E-027
   24.600000000000001        2.5212865709616296E-026   1.1555423154698477E-026
   24.399999999999999        3.0618172791786535E-026   1.4084665991657567E-026
   24.199999999999999        3.7136872379140653E-026   1.7152219217222777E-026
   24.000000000000000        4.4994217679840698E-026   2.0869458707615964E-026
   23.800000000000001        5.4458517436395364E-026   2.5370169724219419E-026
   23.600000000000001        6.5846294572394747E-026   3.0814932907246504E-026
   23.399999999999999        7.9531126114070677E-026   3.7396346719041984E-026
   23.199999999999999        9.5954816875679821E-026   4.5345256973376226E-026
   23.000000000000000        1.1564030857620283E-025   5.4938162859906049E-026
   22.800000000000001        1.3920643566371139E-025   6.6506010591759993E-026
   22.600000000000001        1.6738494202746647E-025   8.0444661559019767E-026
   22.399999999999999        2.0104031758018725E-025   9.7227341770717449E-026
   22.199999999999999        2.4119292838883895E-025   1.1741940027746650E-025
   22.000000000000000        2.8904595942880118E-025   1.4169584183284644E-025
   21.799999999999997        3.4601690050444352E-025   1.7086218337562951E-025
   21.600000000000001        4.1377434775495107E-025   2.0587917107522312E-025
   21.399999999999999        4.9428105077330462E-025   2.4789206543970849E-025
   21.199999999999999        5.8984410613401825E-025   2.9826545792295495E-025
   21.000000000000000        7.0317330825312725E-025   3.5862452232498742E-025
   20.799999999999997        8.3744902809114208E-025   4.3090381731807165E-025
   20.600000000000001        9.9640184198306641E-025   5.1740561392253606E-025
   20.399999999999999        1.1844040085200914E-024   6.2086713024167080E-025
   20.199999999999999        1.4065783911795050E-024   7.4454433895227594E-025
   20.000000000000000        1.6689233301285037E-024   8.9230647887696289E-025
   19.799999999999997        1.9784596398911700E-024   1.0687513646976005E-024
   19.600000000000001        2.3434020208157740E-024   1.2793405261701997E-024
   19.399999999999999        2.7733582849470708E-024   1.5305599692961222E-024
   19.199999999999999        3.2795609961421793E-024   1.8301104405035524E-024
   19.000000000000000        3.8751384422020350E-024   2.1871329109943569E-024
   18.799999999999997        4.5754328763417118E-024   2.6124764974861187E-024
   18.600000000000001        5.3983681768069223E-024   3.1190149411446645E-024
   18.399999999999999        6.3648861330381826E-024   3.7220232580620770E-024
   18.199999999999999        7.4994554538540311E-024   4.4396240331270941E-024
   18.000000000000000        8.8306691203149788E-024   5.2933151547701548E-024
   17.799999999999997        1.0391940868876680E-023   6.3085973459435709E-024
   17.600000000000001        1.2222323857523416E-023   7.5157201475693755E-024
   17.399999999999999        1.4367476318181649E-023   8.9505672110593468E-024
   17.199999999999999        1.6880798481786272E-023   1.0655708185119275E-023
   17.000000000000000        1.9824763907846225E-023   1.2681644709303231E-023
   16.799999999999997        2.3272497166680677E-023   1.5088297493011314E-023
   16.600000000000001        2.7309627790362253E-023   1.7946764278966035E-023
   16.399999999999999        3.2036464377492091E-023   2.1341418030565255E-023
   16.199999999999999        3.7570569391845158E-023   2.5372406394764127E-023
   16.000000000000000        4.4049836549681911E-023   3.0158625037520834E-023
   15.799999999999999        5.1636135503175544E-023   3.5841262631071287E-023
   15.600000000000000        6.0519623764286342E-023   4.2588003882011627E-023
   15.399999999999999        7.0923848555726487E-023   5.0598026304576357E-023
   15.199999999999999        8.3111796328987844E-023   6.0108016435450727E-023
   15.000000000000000        9.7393066840339410E-023   7.1399294700109577E-023
   14.799999999999999        1.1413243060108898E-022   8.4806338512954529E-023
   14.600000000000000        1.3375999911626222E-022   1.0072695511424197E-022
   14.399999999999999        1.5678337567938368E-022   1.1963444800744030E-022
   14.199999999999999        1.8380220127519396E-022   1.4209212393957452E-022
   14.000000000000000        2.1552538022052555E-022   1.6877063561694670E-022
   13.800000000000001        2.5279171324256177E-022   2.0046869005169818E-022
   13.599999999999998        2.9659466575140258E-022   2.3813792721790319E-022
   13.399999999999999        3.4811169465837013E-022   2.8291248727163685E-022
   13.199999999999999        4.0872077586836200E-022   3.3614434371566019E-022
   13.000000000000000        4.8012598436308230E-022   3.9944591795850883E-022
   12.800000000000001        5.6426626103047098E-022   4.7474113253707843E-022
   12.599999999999998        6.6347711566555219E-022   5.6432595554569965E-022
   12.399999999999999        7.8055231945631445E-022   6.7094026257942300E-022
   12.199999999999999        9.1880688934749651E-022   7.9785458694309795E-022
   12.000000000000000        1.0821882805764193E-021   9.4897394898578801E-022
   11.800000000000001        1.2755319641098012E-021   1.1290938525149555E-021
   11.599999999999998        1.5040411009396415E-021   1.3432526848118548E-021
   11.399999999999999        1.7747947572111220E-021   1.5988798793939939E-021
   11.199999999999999        2.0956177789942743E-021   1.9033851934190547E-021
   11.000000000000000        2.4759882610649210E-021   2.2663504400600230E-021
   10.799999999999997        2.9271948613022375E-021   2.6990468207518608E-021
   10.599999999999998        3.4626680772002615E-021   3.2148942770696459E-021
   10.399999999999999        4.0983197541371861E-021   3.8298038045467785E-021
   10.199999999999999        4.8532463804169336E-021   4.5629288544889462E-021
   10.000000000000000        5.7497536884929715E-021   5.4364563014571982E-021
   9.7999999999999972        6.8144371248089310E-021   6.4771746412468696E-021
   9.5999999999999979        8.0786284362542306E-021   7.7164218094788382E-021
   9.3999999999999986        9.5791938202500578E-021   9.1911078390995877E-021
   9.1999999999999993        1.1359324144379884E-020   1.0944503322014700E-020
   9.0000000000000000        1.3469434911707512E-020   1.3027135368036627E-020
   8.7999999999999972        1.5968087914205673E-020   1.5497683521895344E-020
   8.5999999999999979        1.8922881783925745E-020   1.8423880543390105E-020
   8.3999999999999986        2.2411368114096927E-020   2.1883437315080153E-020
   8.1999999999999993        2.6521801477430671E-020   2.5964787819255719E-020
   8.0000000000000000        3.1353640340860463E-020   3.0767592146919654E-020
   7.7999999999999972        3.7017816932829977E-020   3.6402992895404525E-020
   7.5999999999999979        4.3636475720445522E-020   4.2993427960351521E-020
   7.3999999999999986        5.1342027320716040E-020   5.0671558352571834E-020
   7.1999999999999993        6.0275076669049818E-020   5.9578278269744049E-020
   7.0000000000000000        7.0581826442804612E-020   6.9860170215759426E-020
   6.7999999999999972        8.2409724425781522E-020   8.1664998387197687E-020
   6.5999999999999979        9.5900495747419682E-020   9.5134502414747239E-020
   6.3999999999999986        1.1118289214315668E-019   1.1039822469833224E-019
   6.1999999999999993        1.2836284129507826E-019   1.2756247208231821E-019
   6.0000000000000000        1.4750983033292254E-019   1.4669665096159376E-019
   5.7999999999999972        1.6864364578455102E-019   1.6782111453927475E-019
   5.5999999999999979        1.9198847498945037E-019   1.9088906205846371E-019
   5.3999999999999986        2.1736468639844722E-019   2.1576890867075554E-019
   5.1999999999999993        2.4451727190696026E-019   2.4222705028575574E-019
   5.0000000000000000        2.7311841324486781E-019   2.6990975204670926E-019
   4.7999999999999972        3.0271010603274564E-019   2.9832764854412916E-019
   4.5999999999999979        3.3267509969559100E-019   3.2685209776299947E-019
   4.3999999999999986        3.6221468570064539E-019   3.5470030613929874E-019
   4.1999999999999993        3.9036191487346146E-019   3.8095905705860151E-019
   4.0000000000000000        4.1601830109877684E-019   4.0458664573146299E-019
   3.7999999999999972        4.3793108022447459E-019   4.2446672419197285E-019
   3.5999999999999979        4.5416140956716249E-019   4.3943603027341527E-019
   3.3999999999999986        4.6366175057518676E-019   4.4838318922756242E-019
   3.1999999999999993        4.6567550891268289E-019   4.5028652153889538E-019
   3.0000000000000000        4.5953691356524582E-019   4.4434879573757366E-019
   2.7999999999999972        4.4482142269101589E-019   4.3005832158808194E-019
   2.5999999999999979        4.2147529243219690E-019   4.0730971497476281E-019
   2.3999999999999986        3.8988479489252487E-019   3.7646822906918276E-019
   2.1999999999999993        3.5095116813065450E-019   3.3839432623431984E-019
   2.0000000000000000        3.0610851450927933E-019   2.9450607892158947E-019
   1.7999999999999972        2.5727105272242806E-019   2.4669574371988600E-019
   1.5999999999999979        2.0674871655099069E-019   1.9724930545429198E-019
   1.3999999999999986        1.5672642300725268E-019   1.4867444886560744E-019
   1.1999999999999993        1.1079880744925226E-019   1.0350254106253511E-019
   1.0000000000000000        7.0237466645662835E-020   6.4022203054549531E-020
  0.79999999999999716        3.7196911861726777E-020   3.2014396724098342E-020
  0.59999999999999787        1.2726626670718458E-020   8.5012014947772402E-021
  0.39999999999999858        0.0000000000000000        0.0000000000000000     
  0.19999999999999929        0.0000000000000000        0.0000000000000000     
   0.0000000000000000        4.6547154432061470E-019   4.6692584416773483E-019
   29.800000000000001        4.7988381490784146E-029   4.7988381490784146E-029
   29.600000000000001        6.0013212678187858E-029   6.0013212678187858E-029
   29.399999999999999        7.4972166501320788E-029   7.4972166501320788E-029
   29.199999999999999        9.3561542699159944E-029   9.3561542699159944E-029
   29.000000000000000        1.1663815028224516E-028   1.1663815028224516E-028
   28.800000000000001        1.4525519996600325E-028   1.4525519996600325E-028
   28.600000000000001        1.8070657237970180E-028   1.8070657237970180E-028
   28.399999999999999        2.2457615779663134E-028   2.2457615779663134E-028
   28.199999999999999        2.7881153871808715E-028   2.7881153871808715E-028
   28.000000000000000        3.4578989240552601E-028   3.4578989240552601E-028
   27.800000000000001        4.2842190046804836E-028   4.2842190046804836E-028
   27.600000000000001        5.3194537043981437E-028   5.3194537043981437E-028
   27.399999999999999        6.5399773709257640E-028   6.5399773709257640E-028
   27.199999999999999        8.0987747829189651E-028   8.0987747829189651E-028
   27.000000000000000        9.9938569833828863E-028   9.9938569833828863E-028
   26.800000000000001        1.2320174601276674E-027   1.2320174601276674E-027
   26.600000000000001        1.8366205044754361E-027   1.5173059339021244E-027
   26.399999999999999        3.3771733619878577E-027   1.8668298758413331E-027
   26.199999999999999        4.9011636764019344E-027   2.2946396756284142E-027
   26.000000000000000        6.4133569898084765E-027   2.8177690543635489E-027
   25.800000000000001        7.9596885133186989E-027   3.4568493388955382E-027
   25.600000000000001        9.6455696510952074E-027   4.2368473830495403E-027
   25.399999999999999        1.1623140154195590E-026   5.1879508287642470E-027
   25.199999999999999        1.4049431873839960E-026   6.3466280240008469E-027
   25.000000000000000        1.7053141302082274E-026   7.7568960360874834E-027
   24.800000000000001        2.0738069698082025E-026   9.4718387936516018E-027
   24.600000000000001        2.5212865709616296E-026   1.1555423154698477E-026
   24.399999999999999        3.0618172791786535E-026   1.4084665991657567E-026
   24.199999999999999        3.7136872379140653E-026   1.7152219217222777E-026
   24.000000000000000        4.4994217679840698E-026   2.0869458707615964E-026
   23.800000000000001        5.4458517436395364E-026   2.5370169724219419E-026
   23.600000000000001        6.5846294572394747E-026   3.0814932907246504E-026
   23.399999999999999        7.9531126114070677E-026   3.7396346719041984E-026
   23.199999999999999        9.5954816875679821E-026   4.5345256973376226E-026
   23.000000000000000        1.1564030857620283E-025   5.4938162859906049E-026
   22.800000000000001        1.3920643566371139E-025   6.6506010591759993E-026
   22.600000000000001        1.6738494202746647E-025   8.0444661559019767E-026
   22.399999999999999        2.0104031758018725E-025   9.7227341770717449E-026
   22.199999999999999        2.4119292838883895E-025   1.1741940027746650E-025
   22.000000000000000        2.8904595942880118E-025   1.4169584183284644E-025
   21.799999999999997        3.4601690050444352E-025   1.7086218337562951E-025
   21.600000000000001        4.1377434775495107E-025   2.0587917107522312E-025
   21.399999999999999        4.9428105077330462E-025   2.4789206543970849E-025
   21.199999999999999        5.8984410613401825E-025   2.9826545792295495E-025
   21.000000000000000        7.0317330825312725E-025   3.5862452232498742E-025
   20.799999999999997        8.3744902809114208E-025   4.3090381731807165E-025
   20.600000000000001        9.9640184198306641E-025   5.1740561392253606E-025
   20.399999999999999        1.1844040085200914E-024   6.2086713024167080E-025
   20.199999999999999        1.4065783911795050E-024   7.4454433895227594E-025
   20.000000000000000        1.6689233301285037E-024   8.9230647887696289E-025
   19.799999999999997        1.9784596398911700E-024   1.0687513646976005E-024
   19.600000000000001        2.3434020208157740E-024   1.2793405261701997E-024
   19.399999999999999        2.7733582849470708E-024   1.5305599692961222E-024
   19.199999999999999        3.2795609961421793E-024   1.8301104405035524E-024
   19.000000000000000        3.8751384422020350E-024   2.1871329109943569E-024
   18.799999999999997        4.5754328763417118E-024   2.6124764974861187E-024
   18.600000000000001        5.3983681768069223E-024   3.1190149411446645E-024
   18.399999999999999        6.3648861330381826E-024   3.7220232580620770E-024
   18.199999999999999        7.4994554538540311E-024   4.4396240331270941E-024
   18.000000000000000        8.8306691203149788E-024   5.2933151547701548E-024
   17.799999999999997        1.0391940868876680E-023   6.3085973459435709E-024
   17.600000000000001        1.2222323857523416E-023   7.5157201475693755E-024
   17.399999999999999        1.4367476318181649E-023   8.9505672110593468E-024
   17.199999999999999        1.6880798481786272E-023   1.0655708185119275E-023
   17.000000000000000        1.9824763907846225E-023   1.2681644709303231E-023
   16.799999999999997        2.3272497166680677E-023   1.5088297493011314E-023
   16.600000000000001        2.7309627790362253E-023   1.7946764278966035E-023
   16.399999999999999        3.2036464377492091E-023   2.1341418030565255E-023
   16.199999999999999        3.7570569391845158E-023   2.5372406394764127E-023
   16.000000000000000        4.4049836549681911E-023   3.0158625037520834E-023
   15.799999999999999        5.1636135503175544E-023   3.5841262631071287E-023
   15.600000000000000        6.0519623764286342E-023   4.2588003882011627E-023
   15.399999999999999        7.0923848555726487E-023   5.0598026304576357E-023
   15.199999999999999        8.3111796328987844E-023   6.0108016435450727E-023
   15.000000000000000        9.7393066840339410E-023   7.1399294700109577E-023
   14.799999999999999        1.1413243060108898E-022   8.4806338512954529E-023
   14.600000000000000        1.3375999911626222E-022   1.0072695511424197E-022
   14.399999999999999        1.5678337567938368E-022   1.1963444800744030E-022
   14.199999999999999        1.8380220127519396E-022   1.4209212393957452E-022
   14.000000000000000        2.1552538022052555E-022   1.6877063561694670E-022
   13.800000000000001        2.5279171324256177E-022   2.0046869005169818E-022
   13.599999999999998        2.9659466575140258E-022   2.3813792721790319E-022
   13.399999999999999        3.4811169465837013E-022   2.8291248727163685E-022
   13.199999999999999        4.0872077586836200E-022   3.3614434371566019E-022
   13.000000000000000        4.8012598436308230E-022   3.9944591795850883E-022
   12.800000000000001        5.6426626103047098E-022   4.7474113253707843E-022
   12.599999999999998        6.6347711566555219E-022   5.6432595554569965E-022
   12.399999999999999        7.8055231945631445E-022   6.7094026257942300E-022
   12.199999999999999        9.1880688934749651E-022   7.9785458694309795E-022
   12.000000000000000        1.0821882805764193E-021   9.4897394898578801E-022
   11.800000000000001        1.2755319641098012E-021   1.1290938525149555E-021
   11.599999999999998        1.5040411009396415E-021   1.3432526848118548E-021
   11.399999999999999        1.7747947572111220E-021   1.5988798793939939E-021
   11.199999999999999        2.0956177789942743E-021   1.9033851934190547E-021
   11.000000000000000        2.4759882610649210E-021   2.2663504400600230E-021
   10.799999999999997        2.9271948613022375E-021   2.6990468207518608E-021
   10.599999999999998        3.4626680772002615E-021   3.2148942770696459E-021
   10.399999999999999        4.0983197541371861E-021   3.8298038045467785E-021
   10.199999999999999        4.8532463804169336E-021   4.5629288544889462E-021
   10.000000000000000        5.7497536884929715E-021   5.4364563014571982E-021
   9.7999999999999972        6.8144371248089310E-021   6.4771746412468696E-021
   9.5999999999999979        8.0786284362542306E-021   7.7164218094788382E-021
   9.3999999999999986        9.5791938202500578E-021   9.1911078390995877E-021
   9.1999999999999993        1.1359324144379884E-020   1.0944503322014700E-020
   9.0000000000000000        1.3469434911707512E-020   1.3027135368036627E-020
   8.7999999999999972        1.5968087914205673E-020   1.5497683521895344E-020
   8.5999999999999979        1.8922881783925745E-020   1.8423880543390105E-020
   8.3999999999999986        2.2411368114096927E-020   2.1883437315080153E-020
   8.1999999999999993        2.6521801477430671E-020   2.5964787819255719E-020
   8.0000000000000000        3.1353640340860463E-020   3.0767592146919654E-020
   7.7999999999999972        3.7017816932829977E-020   3.6402992895404525E-020
   7.5999999999999979        4.3636475720445522E-020   4.2993427960351521E-020
   7.3999999999999986        5.1342027320716040E-020   5.0671558352571834E-020
   7.1999999999999993        6.0275076669049818E-020   5.9578278269744049E-020
   7.0000000000000000        7.0581826442804612E-020   6.9860170215759426E-020
   6.7999999999999972        8.2409724425781522E-020   8.1664998387197687E-020
   6.5999999999999979        9.5900495747419682E-020   9.5134502414747239E-020
   6.3999999999999986        1.1118289214315668E-019   1.1039822469833224E-019
   6.1999999999999993        1.2836284129507826E-019   1.2756247208231821E-019
   6.0000000000000000        1.4750983033292254E-019   1.4669665096159376E-019
   5.7999999999999972        1.6864364578455102E-019   1.6782111453927475E-019
   5.5999999999999979        1.9198847498945037E-019   1.9088906205846371E-019
   5.3999999999999986        2.1736468639844722E-019   2.1576890867075554E-019
   5.1999999999999993        2.4451727190696026E-019   2.4222705028575574E-019
   5.0000000000000000        2.7311841324486781E-019   2.6990975204670926E-019
   4.7999999999999972        3.0271010603274564E-019   2.9832764854412916E-019
   4.5999999999999979        3.3267509969559100E-019   3.2685209776299947E-019
   4.3999999999999986        3.6221468570064539E-019   3.5470030613929874E-019
   4.1999999999999993        3.9036191487346146E-019   3.8095905705860151E-019
   4.0000000000000000        4.1601830109877684E-019   4.0458664573146299E-019
   3.7999999999999972        4.3793108022447459E-019   4.2446672419197285E-019
   3.5999999999999979        4.5416140956716249E-019   4.3943603027341527E-019
   3.3999999999999986        4.6366175057518676E-019   4.4838318922756242E-019
   3.1999999999999993        4.6567550891268289E-019   4.5028652153889538E-019
   3.0000000000000000        4.5953691356524582E-019   4.4434879573757366E-019
   2.7999999999999972        4.4482142269101589E-019   4.3005832158808194E-019
   2.5999999999999979        4.2147529243219690E-019   4.0730971497476281E-019
   2.3999999999999986        3.8988479489252487E-019   3.7646822906918276E-019
   2.1999999999999993        3.5095116813065450E-019   3.3839432623431984E-019
   2.0000000000000000        3.0610851450927933E-019   2.9450607892158947E-019
   1.7999999999999972        2.5727105272242806E-019   2.4669574371988600E-019
   1.5999999999999979        2.0674871655099069E-019   1.9724930545429198E-019
   1.3999999999999986        1.5672642300725268E-019   1.4867444886560744E-019
   1.1999999999999993        1.1079880744925226E-019   1.0350254106253511E-019
   1.0000000000000000        7.0237466645662835E-020   6.4022203054549531E-020
  0.79999999999999716        3.7196911861726777E-020   3.2014396724098342E-020
  0.59999999999999787        1.2726626670718458E-020   8.5012014947772402E-021
  0.39999999999999858        0.0000000000000000        0.0000000000000000     
  0.19999999999999929        0.0000000000000000        0.0000000000000000     
   0.0000000000000000        4.6547154432061470E-019   4.6692584416773483E-019
   29.800000000000001        4.7988381490784146E-029   4.7988381490784146E-029
   29.600000000000001        6.0013212678187858E-029   6.0013212678187858E-029
   29.399999999999999        7.4972166501320788E-029   7.4972166501320788E-029
   29.199999999999999        9.3561542699159944E-029   9.3561542699159944E-029
   29.000000000000000        1.1663815028224516E-028   1.1663815028224516E-028
   28.800000000000001        1.4525519996600325E-028   1.4525519996600325E-028
   28.600000000000001        1.8070657237970180E-028   1.8070657237970180E-028
   28.399999999999999        2.2457615779663134E-028   2.2457615779663134E-028
   28.199999999999999        2.7881153871808715E-028   2.7881153871808715E-028
   28.000000000000000        3.4578989240552601E-028   3.4578989240552601E-028
   27.800000000000001        4.2842190046804836E-028   4.2842190046804836E-028
   27.600000000000001        5.3194537043981437E-028   5.3194537043981437E-028
   27.399999999999999        6.5399773709257640E-028   6.5399773709257640E-028
   27.199999999999999        8.0987747829189651E-028   8.0987747829189651E-028
   27.000000000000000        9.9938569833828863E-028   9.9938569833828863E-028
   26.800000000000001        1.2320174601276674E-027   1.2320174601276674E-027
   26.600000000000001        1.8366205044754361E-027   1.5173059339021244E-027
   26.399999999999999        3.3771733619878577E-027   1.8668298758413331E-027
   26.199999999999999        4.9011636764019344E-027   2.2946396756284142E-027
   26.000000000000000        6.4133569898084765E-027   2.8177690543635489E-027
   25.800000000000001        7.9596885133186989E-027   3.4568493388955382E-027
   25.600000000000001        9.6455696510952074E-027   4.2368473830495403E-027
   25.399999999999999        1.1623140154195590E-026   5.1879508287642470E-027
   25.199999999999999        1.4049431873839960E-026   6.3466280240008469E-027
   25.000000000000000        1.7053141302082274E-026   7.7568960360874834E-027
   24.800000000000001        2.0738069698082025E-026   9.4718387936516018E-027
   24.600000000000001        2.5212865709616296E-026   1.1555423154698477E-026
   24.399999999999999        3.0618172791786535E-026   1.4084665991657567E-026
   24.199999999999999        3.7136872379140653E-026   1.7152219217222777E-026
   24.000000000000000        4.4994217679840698E-026   2.0869458707615964E-026
   23.800000000000001        5.4458517436395364E-026   2.5370169724219419E-026
   23.600000000000001        6.5846294572394747E-026   3.0814932907246504E-026
   23.399999999999999        7.9531126114070677E-026   3.7396346719041984E-026
   23.199999999999999        9.5954816875679821E-026   4.5345256973376226E-026
   23.000000000000000        1.1564030857620283E-025   5.4938162859906049E-026
   22.800000000000001        1.3920643566371139E-025   6.6506010591759993E-026
   22.600000000000001        1.6738494202746647E-025   8.0444661559019767E-026
   22.399999999999999        2.0104031758018725E-025   9.7227341770717449E-026
   22.199999999999999        2.4119292838883895E-025   1.1741940027746650E-025
   22.000000000000000        2.8904595942880118E-025   1.4169584183284644E-025
   21.799999999999997        3.4601690050444352E-025   1.7086218337562951E-025
   21.600000000000001        4.1377434775495107E-025   2.0587917107522312E-025
   21.399999999999999        4.9428105077330462E-025   2.4789206543970849E-025
   21.199999999999999        5.8984410613401825E-025   2.9826545792295495E-025
   21.000000000000000        7.0317330825312725E-025   3.5862452232498742E-025
   20.799999999999997        8.3744902809114208E-025   4.3090381731807165E-025
   20.600000000000001        9.9640184198306641E-025   5.1740561392253606E-025
   20.399999999999999        1.1844040085200914E-024   6.2086713024167080E-025
   20.199999999999999        1.4065783911795050E-024   7.4454433895227594E-025
   20.000000000000000        1.6689233301285037E-024   8.9230647887696289E-025
   19.799999999999997        1.9784596398911700E-024   1.0687513646976005E-024
   19.600000000000001        2.3434020208157740E-024   1.2793405261701997E-024
   19.399999999999999        2.7733582849470708E-024   1.5305599692961222E-024
   19.199999999999999        3.2795609961421793E-024   1.8301104405035524E-024
   19.000000000000000        3.8751384422020350E-024   2.1871329109943569E-024
   18.799999999999997        4.5754328763417118E-024   2.6124764974861187E-024
   18.600000000000001        5.3983681768069223E-024   3.1190149411446645E-024
   18.399999999999999        6.3648861330381826E-024   3.7220232580620770E-024
   18.199999999999999        7.4994554538540311E-024   4.4396240331270941E-024
   18.000000000000000        8.8306691203149788E-024   5.2933151547701548E-024
   17.799999999999997        1.0391940868876680E-023   6.3085973459435709E-024
   17.600000000000001        1.2222323857523416E-023   7.5157201475693755E-024
   17.399999999999999        1.4367476318181649E-023   8.9505672110593468E-024
   17.199999999999999        1.6880798481786272E-023   1.0655708185119275E-023
   17.000000000000000        1.9824763907846225E-023   1.2681644709303231E-023
   16.799999999999997        2.3272497166680677E-023   1.5088297493011314E-023
   16.600000000000001        2.7309627790362253E-023   1.7946764278966035E-023
   16.399999999999999        3.2036464377492091E-023   2.1341418030565255E-023
   16.199999999999999        3.7570569391845158E-023   2.5372406394764127E-023
   16.000000000000000        4.4049836549681911E-023   3.0158625037520834E-023
   15.799999999999999        5.1636135503175544E-023   3.5841262631071287E-023
   15.600000000000000        6.0519623764286342E-023   4.2588003882011627E-023
   15.399999999999999        7.0923848555726487E-023   5.0598026304576357E-023
   15.199999999999999        8.3111796328987844E-023   6.0108016435450727E-023
   15.000000000000000        9.7393066840339410E-023   7.1399294700109577E-023
   14.799999999999999        1.1413243060108898E-022   8.4806338512954529E-023
   14.600000000000000        1.3375999911626222E-022   1.0072695511424197E-022
   14.399999999999999        1.5678337567938368E-022   1.1963444800744030E-022
   14.199999999999999        1.8380220127519396E-022   1.4209212393957452E-022
   14.000000000000000        2.1552538022052555E-022   1.6877063561694670E-022
   13.800000000000001        2.5279171324256177E-022   2.0046869005169818E-022
   13.599999999999998        2.9659466575140258E-022   2.3813792721790319E-022
   13.399999999999999        3.4811169465837013E-022   2.8291248727163685E-022
   13.199999999999999        4.0872077586836200E-022   3.3614434371566019E-022
   13.000000000000000        4.8012598436308230E-022   3.9944591795850883E-022
   12.800000000000001        5.6426626103047098E-022   4.7474113253707843E-022
   12.599999999999998        6.6347711566555219E-022   5.6432595554569965E-022
   12.399999999999999        7.8055231945631445E-022   6.7094026257942300E-022
   12.199999999999999        9.1880688934749651E-022   7.9785458694309795E-022
   12.000000000000000        1.0821882805764193E-021   9.4897394898578801E-022
   11.800000000000001        1.2755319641098012E-021   1.1290938525149555E-021
   11.599999999999998        1.5040411009396415E-021   1.3432526848118548E-021
   11.399999999999999        1.7747947572111220E-021   1.5988798793939939E-021
   11.199999999999999        2.0956177789942743E-021   1.9033851934190547E-021
   11.000000000000000        2.4759882610649210E-021   2.2663504400600230E-021
   10.799999999999997        2.9271948613022375E-021   2.6990468207518608E-021
   10.599999999999998        3.4626680772002615E-021   3.2148942770696459E-021
   10.399999999999999        4.0983197541371861E-021   3.8298038045467785E-021
   10.199999999999999        4.8532463804169336E-021   4.5629288544889462E-021
   10.000000000000000        5.7497536884929715E-021   5.4364563014571982E-021
   9.7999999999999972        6.8144371248089310E-021   6.4771746412468696E-021
   9.5999999999999979        8.0786284362542306E-021   7.7164218094788382E-021
   9.3999999999999986        9.5791938202500578E-021   9.1911078390995877E-021
   9.1999999999999993        1.1359324144379884E-020   1.0944503322014700E-020
   9.0000000000000000        1.3469434911707512E-020   1.3027135368036627E-020
   8.7999999999999972        1.5968087914205673E-020   1.5497683521895344E-020
   8.5999999999999979        1.8922881783925745E-020   1.8423880543390105E-020
   8.3999999999999986        2.2411368114096927E-020   2.1883437315080153E-020
   8.1999999999999993        2.6521801477430671E-020   2.5964787819255719E-020
   8.0000000000000000        3.1353640340860463E-020   3.0767592146919654E-020
   7.7999999999999972        3.7017816932829977E-020   3.6402992895404525E-020
   7.5999999999999979        4.3636475720445522E-020   4.2993427960351521E-020
   7.3999999999999986        5.1342027320716040E-020   5.0671558352571834E-020
   7.1999999999999993        6.0275076669049818E-020   5.9578278269744049E-020
   7.0000000000000000        7.0581826442804612E-020   6.9860170215759426E-020
   6.7999999999999972        8.2409724425781522E-020   8.1664998387197687E-020
   6.5999999999999979        9.5900495747419682E-020   9.5134502414747239E-020
   6.3999999999999986        1.1118289214315668E-019   1.1039822469833224E-019
   6.1999999999999993        1.2836284129507826E-019   1.2756247208231821E-019
   6.0000000000000000        0.0000000000000000        1.4669665096159376E-019
   5.7999999999999972        1.6859843655797037E-019   1.6782111453927475E-019
   5.5999999999999979        1.9173020021661746E-019   1.9088906205846371E-019
   5.3999999999999986        2.1661047323233890E-019   2.1576890867075554E-019
   5.1999999999999993        2.4361672575891033E-019   2.4222705028575574E-019
   5.0000000000000000        2.7222412180201206E-019   2.6990975204670926E-019
   4.7999999999999972        3.0186237185480062E-019   2.9832764854412916E-019
   4.5999999999999979        3.3189988063104534E-019   3.2685209776299947E-019
   4.3999999999999986        0.0000000000000000        3.5470030613929874E-019
   4.1999999999999993        3.9045123450426910E-019   3.8095905705860151E-019
   4.0000000000000000        4.1288209757580395E-019   4.0458664573146299E-019
   3.7999999999999972        4.3541643048812653E-019   4.2446672419197285E-019
   3.5999999999999979        4.5277484214803267E-019   4.3943603027341527E-019
   3.3999999999999986        4.6283215803691064E-019   4.4838318922756242E-019
   3.1999999999999993        4.6516409659509358E-019   4.5028652153889538E-019
   3.0000000000000000        4.5921925016239092E-019   4.4434879573757366E-019
   2.7999999999999972        4.4462455348209889E-019   4.3005832158808194E-019
   2.5999999999999979        4.2135192026710886E-019   4.0730971497476281E-019
   2.3999999999999986        3.8980787328406609E-019   3.7646822906918276E-019
   2.1999999999999993        3.5090337830421038E-019   3.3839432623431984E-019
   2.0000000000000000        3.0607869104262738E-019   2.9450607892158947E-019
   1.7999999999999972        2.5725225889002144E-019   2.4669574371988600E-019
   1.5999999999999979        2.0673659259245170E-019   1.9724930545429198E-019
   1.3999999999999986        1.5706553308294893E-019   1.4867444886560744E-019
   1.1999999999999993        1.1079272444964247E-019   1.0350254106253511E-019
   1.0000000000000000        7.0232814166736810E-020   6.4022203054549531E-020
  0.79999999999999716        3.7193165290739877E-020   3.2014396724098342E-020
  0.59999999999999787        1.2723549953278014E-020   8.5012014947772402E-021
  0.39999999999999858        0.0000000000000000        0.0000000000000000     
  0.19999999999999929        0.0000000000000000        0.0000000000000000     
   0.0000000000000000        4.6547244100486386E-019   4.6692584416773483E-019
   29.800000000000001        4.7988381490784146E-029   4.7988381490784146E-029
   29.600000000000001        6.0013212678187858E-029   6.0013212678187858E-029
   29.399999999999999        7.4972166501320788E-029   7.4972166501320788E-029
   29.199999999999999        9.3561542699159944E-029   9.3561542699159944E-029
   29.000000000000000        1.1663815028224516E-028   1.1663815028224516E-028
   28.800000000000001        1.4525519996600325E-028   1.4525519996600325E-028
   28.600000000000001        1.8070657237970180E-028   1.8070657237970180E-028
   28.399999999999999        2.2457615779663134E-028   2.2457615779663134E-028
   28.199999999999999        2.7881153871808715E-028   2.7881153871808715E-028
   28.000000000000000        3.4578989240552601E-028   3.4578989240552601E-028
   27.800000000000001        4.2842190046804836E-028   4.2842190046804836E-028
   27.600000000000001        5.3194537043981437E-028   5.3194537043981437E-028
   27.399999999999999        6.5399773709257640E-028   6.5399773709257640E-028
   27.199999999999999        8.0987747829189651E-028   8.0987747829189651E-028
   27.000000000000000        9.9938569833828863E-028   9.9938569833828863E-028
   26.800000000000001        1.2320174601276674E-027   1.2320174601276674E-027
   26.600000000000001        1.8366205044754361E-027   1.5173059339021244E-027
   26.399999999999999        3.3771733619878577E-027   1.8668298758413331E-027
   26.199999999999999        4.9011636764019344E-027   2.2946396756284142E-027
   26.000000000000000        6.4133569898084765E-027   2.8177690543635489E-027
   25.800000000000001        0.0000000000000000        3.4568493388955382E-027
   25.600000000000001        9.6455696416821695E-027   4.2368473830495403E-027
   25.399999999999999        1.1623140153944694E-026   5.1879508287642470E-027
   25.199999999999999        1.4049431876681448E-026   6.3466280240008469E-027
   25.000000000000000        1.7053141304772520E-026   7.7568960360874834E-027
   24.800000000000001        2.0738069699683711E-026   9.4718387936516018E-027
   24.600000000000001        2.5212865710275554E-026   1.1555423154698477E-026
   24.399999999999999        3.0618172792029078E-026   1.4084665991657567E-026
   24.199999999999999        3.7136872379137146E-026   1.7152219217222777E-026
   24.000000000000000        4.4994217679821413E-026   2.0869458707615964E-026
   23.800000000000001        5.4458517436349688E-026   2.5370169724219419E-026
   23.600000000000001        6.5846294572343434E-026   3.0814932907246504E-026
   23.399999999999999        7.9531126114022842E-026   3.7396346719041984E-026
   23.199999999999999        9.5954816875640079E-026   4.5345256973376226E-026
   23.000000000000000        1.1564030857617666E-025   5.4938162859906049E-026
   22.800000000000001        1.3920643566367170E-025   6.6506010591759993E-026
   22.600000000000001        1.6738494202747696E-025   8.0444661559019767E-026
   22.399999999999999        2.0104031758016590E-025   9.7227341770717449E-026
   22.199999999999999        2.4119292838882453E-025   1.1741940027746650E-025
   22.000000000000000        2.8904595942879392E-025   1.4169584183284644E-025
   21.799999999999997        3.4601690050442983E-025   1.7086218337562951E-025
   21.600000000000001        4.1377434775495015E-025   2.0587917107522312E-025
   21.399999999999999        4.9428105077336688E-025   2.4789206543970849E-025
   21.199999999999999        5.8984410613400677E-025   2.9826545792295495E-025
   21.000000000000000        7.0317330825312725E-025   3.5862452232498742E-025
   20.799999999999997        8.3744902809114208E-025   4.3090381731807165E-025
   20.600000000000001        9.9640184198306641E-025   5.1740561392253606E-025
   20.399999999999999        1.1844040085200914E-024   6.2086713024167080E-025
   20.199999999999999        1.4065783911795050E-024   7.4454433895227594E-025
   20.000000000000000        1.6689233301285125E-024   8.9230647887696289E-025
   19.799999999999997        1.9784596398911791E-024   1.0687513646976005E-024
   19.600000000000001        2.3434020208157938E-024   1.2793405261701997E-024
   19.399999999999999        2.7733582849469709E-024   1.5305599692961222E-024
   19.199999999999999        3.2795609961421793E-024   1.8301104405035524E-024
   19.000000000000000        3.8751384422020239E-024   2.1871329109943569E-024
   18.799999999999997        4.5754328763416097E-024   2.6124764974861187E-024
   18.600000000000001        5.3983681768069223E-024   3.1190149411446645E-024
   18.399999999999999        6.3648861330380930E-024   3.7220232580620770E-024
   18.199999999999999        7.4994554538542441E-024   4.4396240331270941E-024
   18.000000000000000        8.8306691203149788E-024   5.2933151547701548E-024
   17.799999999999997        1.0391940868877775E-023   6.3085973459435709E-024
   17.600000000000001        1.2222323857525292E-023   7.5157201475693755E-024
   17.399999999999999        1.4367476318181643E-023   8.9505672110593468E-024
   17.199999999999999        1.6880798481785534E-023   1.0655708185119275E-023
   17.000000000000000        1.9824763907847236E-023   1.2681644709303231E-023
   16.799999999999997        2.3272497166680322E-023   1.5088297493011314E-023
   16.600000000000001        2.7309627790362529E-023   1.7946764278966035E-023
   16.399999999999999        3.2036464377493219E-023   2.1341418030565255E-023
   16.199999999999999        3.7570569391845993E-023   2.5372406394764127E-023
   16.000000000000000        4.4049836549682887E-023   3.0158625037520834E-023
   15.799999999999999        5.1636135503174986E-023   3.5841262631071287E-023
   15.600000000000000        6.0519623764288987E-023   4.2588003882011627E-023
   15.399999999999999        7.0923848555723349E-023   5.0598026304576357E-023
   15.199999999999999        8.3111796328989290E-023   6.0108016435450727E-023
   15.000000000000000        9.7393066840339410E-023   7.1399294700109577E-023
   14.799999999999999        1.1413243060104830E-022   8.4806338512954529E-023
   14.600000000000000        1.3375999911625744E-022   1.0072695511424197E-022
   14.399999999999999        1.5678337567937479E-022   1.1963444800744030E-022
   14.199999999999999        1.8380220127519606E-022   1.4209212393957452E-022
   14.000000000000000        2.1552538022053227E-022   1.6877063561694670E-022
   13.800000000000001        2.5279171324256163E-022   2.0046869005169818E-022
   13.599999999999998        2.9659466575140112E-022   2.3813792721790319E-022
   13.399999999999999        3.4811169465836430E-022   2.8291248727163685E-022
   13.199999999999999        4.0872077586836736E-022   3.3614434371566019E-022
   13.000000000000000        4.8012598436310393E-022   3.9944591795850883E-022
   12.800000000000001        5.6426626103049205E-022   4.7474113253707843E-022
   12.599999999999998        6.6347711566555125E-022   5.6432595554569965E-022
   12.399999999999999        7.8055231945631445E-022   6.7094026257942300E-022
   12.199999999999999        9.1880688934750309E-022   7.9785458694309795E-022
   12.000000000000000        1.0821882805764262E-021   9.4897394898578801E-022
   11.800000000000001        1.2755319641098177E-021   1.1290938525149555E-021
   11.599999999999998        1.5040411009396140E-021   1.3432526848118548E-021
   11.399999999999999        1.7747947572111137E-021   1.5988798793939939E-021
   11.199999999999999        2.0956177789942773E-021   1.9033851934190547E-021
   11.000000000000000        2.4759882610649146E-021   2.2663504400600230E-021
   10.799999999999997        2.9271948613022597E-021   2.6990468207518608E-021
   10.599999999999998        3.4626680772003037E-021   3.2148942770696459E-021
   10.399999999999999        4.0983197541371680E-021   3.8298038045467785E-021
   10.199999999999999        4.8532463804168990E-021   4.5629288544889462E-021
   10.000000000000000        5.7497536884929384E-021   5.4364563014571982E-021
   9.7999999999999972        6.8144371248089867E-021   6.4771746412468696E-021
   9.5999999999999979        8.0786284362542006E-021   7.7164218094788382E-021
   9.3999999999999986        9.5791938202500864E-021   9.1911078390995877E-021
   9.1999999999999993        1.1359324144379911E-020   1.0944503322014700E-020
   9.0000000000000000        1.3469434911707603E-020   1.3027135368036627E-020
   8.7999999999999972        1.5968087914205498E-020   1.5497683521895344E-020
   8.5999999999999979        1.8922881783925854E-020   1.8423880543390105E-020
   8.3999999999999986        2.2411368114097038E-020   2.1883437315080153E-020
   8.1999999999999993        2.6521801477430713E-020   2.5964787819255719E-020
   8.0000000000000000        3.1353640340860584E-020   3.0767592146919654E-020
   7.7999999999999972        3.7017816932830151E-020   3.6402992895404525E-020
   7.5999999999999979        4.3636475720445696E-020   4.2993427960351521E-020
   7.3999999999999986        5.1342027320715841E-020   5.0671558352571834E-020
   7.1999999999999993        6.0275076669049818E-020   5.9578278269744049E-020
   7.0000000000000000        7.0581826442804323E-020   6.9860170215759426E-020
   6.7999999999999972        8.2409724425781245E-020   8.1664998387197687E-020
   6.5999999999999979        9.5900495747419309E-020   9.5134502414747239E-020
   6.3999999999999986        1.1118289214315589E-019   1.1039822469833224E-019
   6.1999999999999993        1.2836284129507819E-019   1.2756247208231821E-019
   6.0000000000000000        1.4750983033292295E-019   1.4669665096159376E-019
   5.7999999999999972        1.6864364578455134E-019   1.6782111453927475E-019
   5.5999999999999979        1.9198847498945095E-019   1.9088906205846371E-019
   5.3999999999999986        2.1736468639844804E-019   2.1576890867075554E-019
   5.1999999999999993        2.4451727190696705E-019   2.4222705028575574E-019
   5.0000000000000000        2.7311841324486878E-019   2.6990975204670926E-019
   4.7999999999999972        3.0271010603274583E-019   2.9832764854412916E-019
   4.5999999999999979        3.3267509969558806E-019   3.2685209776299947E-019
   4.3999999999999986        3.6221468570063932E-019   3.5470030613929874E-019
   4.1999999999999993        3.9036191487346276E-019   3.8095905705860151E-019
   4.0000000000000000        4.1601830109877977E-019   4.0458664573146299E-019
   3.7999999999999972        4.3793108022447218E-019   4.2446672419197285E-019
   3.5999999999999979        4.5416140956666001E-019   4.3943603027341527E-019
   3.3999999999999986        4.6366175057488265E-019   4.4838318922756242E-019
   3.1999999999999993        4.6567550891248645E-019   4.5028652153889538E-019
   3.0000000000000000        4.5953691356512150E-019   4.4434879573757366E-019
   2.7999999999999972        4.4482142269093317E-019   4.3005832158808194E-019
   2.5999999999999979        4.2147529243214499E-019   4.0730971497476281E-019
   2.3999999999999986        3.8988479489249444E-019   3.7646822906918276E-019
   2.1999999999999993        3.5095116813063380E-019   3.3839432623431984E-019
   2.0000000000000000        3.0610851450925376E-019   2.9450607892158947E-019
   1.7999999999999972        2.5727105272241559E-019   2.4669574371988600E-019
   1.5999999999999979        2.0674871655101361E-019   1.9724930545429198E-019
   1.3999999999999986        1.5672642300733420E-019   1.4867444886560744E-019
   1.1999999999999993        1.1079880744936654E-019   1.0350254106253511E-019
   1.0000000000000000        7.0237466645742809E-020   6.4022203054549531E-020
  0.79999999999999716        3.7196911861738020E-020   3.2014396724098342E-020
  0.59999999999999787        1.2726626670648047E-020   8.5012014947772402E-021
  0.39999999999999858        0.0000000000000000        0.0000000000000000     
  0.19999999999999929        0.0000000000000000        0.0000000000000000     
   0.0000000000000000        4.6547154432065081E-019   4.6692584416773483E-019
   29.800000000000001        4.7988381490784146E-029   4.7988381490784146E-029
   29.600000000000001        6.0013212678187858E-029   6.0013212678187858E-029
   29.399999999999999        7.4972166501320788E-029   7.4972166501320788E-029
   29.199999999999999        9.3561542699159944E-029   9.3561542699159944E-029
   29.000000000000000        1.1663815028224516E-028   1.1663815028224516E-028
   28.800000000000001        1.4525519996600325E-028   1.4525519996600325E-028
   28.600000000000001        1.8070657237970180E-028   1.8070657237970180E-028
   28.399999999999999        2.2457615779663134E-028   2.2457615779663134E-028
   28.199999999999999        2.7881153871808715E-028   2.7881153871808715E-028
   28.000000000000000        3.4578989240552601E-028   3.4578989240552601E-028
   27.800000000000001        4.2842190046804836E-028   4.2842190046804836E-028
   27.600000000000001        5.3194537043981437E-028   5.3194537043981437E-028
   27.399999999999999        6.5399773709257640E-028   6.5399773709257640E-028
   27.199999999999999        8.0987747829189651E-028   8.0987747829189651E-028
   27.000000000000000        9.9938569833828863E-028   9.9938569833828863E-028
   26.800000000000001        1.2320174601276674E-027   1.2320174601276674E-027
   26.600000000000001        1.8366205044754361E-027   1.5173059339021244E-027
   26.399999999999999        3.3771733619878577E-027   1.8668298758413331E-027
   26.199999999999999        4.9011636764019344E-027   2.2946396756284142E-027
   26.000000000000000        6.4133569898084765E-027   2.8177690543635489E-027
   25.800000000000001        7.9596885133186989E-027   3.4568493388955382E-027
   25.600000000000001        9.6455696510952074E-027   4.2368473830495403E-027
   25.399999999999999        1.1623140154195590E-026   5.1879508287642470E-027
   25.199999999999999        1.4049431873839960E-026   6.3466280240008469E-027
   25.000000000000000        1.7053141302082274E-026   7.7568960360874834E-027
   24.800000000000001        2.0738069698082025E-026   9.4718387936516018E-027
   24.600000000000001        2.5212865709616296E-026   1.1555423154698477E-026
   24.399999999999999        3.0618172791786535E-026   1.4084665991657567E-026
   24.199999999999999        3.7136872379140653E-026   1.7152219217222777E-026
   24.000000000000000        4.4994217679840698E-026   2.0869458707615964E-026
   23.800000000000001        5.4458517436395364E-026   2.5370169724219419E-026
   23.600000000000001        6.5846294572394747E-026   3.0814932907246504E-026
   23.399999999999999        7.9531126114070677E-026   3.7396346719041984E-026
   23.199999999999999        9.5954816875679821E-026   4.5345256973376226E-026
   23.000000000000000        1.1564030857620283E-025   5.4938162859906049E-026
   22.800000000000001        1.3920643566371139E-025   6.6506010591759993E-026
   22.600000000000001        1.6738494202746647E-025   8.0444661559019767E-026
   22.399999999999999        2.0104031758018725E-025   9.7227341770717449E-026
   22.199999999999999        2.4119292838883895E-025   1.1741940027746650E-025
   22.000000000000000        2.8904595942880118E-025   1.4169584183284644E-025
   21.799999999999997        3.4601690050444352E-025   1.7086218337562951E-025
   21.600000000000001        4.1377434775495107E-025   2.0587917107522312E-025
   21.399999999999999        4.9428105077330462E-025   2.4789206543970849E-025
   21.199999999999999        5.8984410613401825E-025   2.9826545792295495E-025
   21.000000000000000        7.0317330825312725E-025   3.5862452232498742E-025
   20.799999999999997        8.3744902809114208E-025   4.3090381731807165E-025
   20.600000000000001        9.9640184198306641E-025   5.1740561392253606E-025
   20.399999999999999        1.1844040085200914E-024   6.2086713024167080E-025
   20.199999999999999        1.4065783911795050E-024   7.4454433895227594E-025
   20.000000000000000        1.6689233301285037E-024   8.9230647887696289E-025
   19.799999999999997        1.9784596398911700E-024   1.0687513646976005E-024
   19.600000000000001        2.3434020208157740E-024   1.2793405261701997E-024
   19.399999999999999        2.7733582849470708E-024   1.5305599692961222E-024
   19.199999999999999        3.2795609961421793E-024   1.8301104405035524E-024
   19.000000000000000        3.8751384422020350E-024   2.1871329109943569E-024
   18.799999999999997        4.5754328763417118E-024   2.6124764974861187E-024
   18.600000000000001        5.3983681768069223E-024   3.1190149411446645E-024
   18.399999999999999        6.3648861330381826E-024   3.7220232580620770E-024
   18.199999999999999        7.4994554538540311E-024   4.4396240331270941E-024
   18.000000000000000        8.8306691203149788E-024   5.2933151547701548E-024
   17.799999999999997        1.0391940868876680E-023   6.3085973459435709E-024
   17.600000000000001        1.2222323857523416E-023   7.5157201475693755E-024
   17.399999999999999        1.4367476318181649E-023   8.9505672110593468E-024
   17.199999999999999        1.6880798481786272E-023   1.0655708185119275E-023
   17.000000000000000        1.9824763907846225E-023   1.2681644709303231E-023
   16.799999999999997        2.3272497166680677E-023   1.5088297493011314E-023
   16.600000000000001        2.7309627790362253E-023   1.7946764278966035E-023
   16.399999999999999        3.2036464377492091E-023   2.1341418030565255E-023
   16.199999999999999        3.7570569391845158E-023   2.5372406394764127E-023
   16.000000000000000        4.4049836549681911E-023   3.0158625037520834E-023
   15.799999999999999        5.1636135503175544E-023   3.5841262631071287E-023
   15.600000000000000        6.0519623764286342E-023   4.2588003882011627E-023
   15.399999999999999        7.0923848555726487E-023   5.0598026304576357E-023
   15.199999999999999        8.3111796328987844E-023   6.0108016435450727E-023
   15.000000000000000        9.7393066840339410E-023   7.1399294700109577E-023
   14.799999999999999        1.1413243060108898E-022   8.4806338512954529E-023
   14.600000000000000        1.3375999911626222E-022   1.0072695511424197E-022
   14.399999999999999        1.5678337567938368E-022   1.1963444800744030E-022
   14.199999999999999        1.8380220127519396E-022   1.4209212393957452E-022
   14.000000000000000        2.1552538022052555E-022   1.6877063561694670E-022
   13.800000000000001        2.5279171324256177E-022   2.0046869005169818E-022
   13.599999999999998        2.9659466575140258E-022   2.3813792721790319E-022
   13.399999999999999        3.4811169465837013E-022   2.8291248727163685E-022
   13.199999999999999        4.0872077586836200E-022   3.3614434371566019E-022
   13.000000000000000        4.8012598436308230E-022   3.9944591795850883E-022
   12.800000000000001        5.6426626103047098E-022   4.7474113253707843E-022
   12.599999999999998        6.6347711566555219E-022   5.6432595554569965E-022
   12.399999999999999        7.8055231945631445E-022   6.7094026257942300E-022
   12.199999999999999        9.1880688934749651E-022   7.9785458694309795E-022
   12.000000000000000        1.0821882805764193E-021   9.4897394898578801E-022
   11.800000000000001        1.2755319641098012E-021   1.1290938525149555E-021
   11.599999999999998        1.5040411009396415E-021   1.3432526848118548E-021
   11.399999999999999        1.7747947572111220E-021   1.5988798793939939E-021
   11.199999999999999        2.0956177789942743E-021   1.9033851934190547E-021
   11.000000000000000        2.4759882610649210E-021   2.2663504400600230E-021
   10.799999999999997        2.9271948613022375E-021   2.6990468207518608E-021
   10.599999999999998        3.4626680772002615E-021   3.2148942770696459E-021
   10.399999999999999        4.0983197541371861E-021   3.8298038045467785E-021
   10.199999999999999        4.8532463804169336E-021   4.5629288544889462E-021
   10.000000000000000        5.7497536884929715E-021   5.4364563014571982E-021
   9.7999999999999972        6.8144371248089310E-021   6.4771746412468696E-021
   9.5999999999999979        8.0786284362542306E-021   7.7164218094788382E-021
   9.3999999999999986        9.5791938202500578E-021   9.1911078390995877E-021
   9.1999999999999993        1.1359324144379884E-020   1.0944503322014700E-020
   9.0000000000000000        1.3469434911707512E-020   1.3027135368036627E-020
   8.7999999999999972        1.5968087914205673E-020   1.5497683521895344E-020
   8.5999999999999979        1.8922881783925745E-020   1.8423880543390105E-020
   8.3999999999999986        2.2411368114096927E-020   2.1883437315080153E-020
   8.1999999999999993        2.6521801477430671E-020   2.5964787819255719E-020
   8.0000000000000000        3.1353640340860463E-020   3.0767592146919654E-020
   7.7999999999999972        3.7017816932829977E-020   3.6402992895404525E-020
   7.5999999999999979        4.3636475720445522E-020   4.2993427960351521E-020
   7.3999999999999986        5.1342027320716040E-020   5.0671558352571834E-020
   7.1999999999999993        6.0275076669049818E-020   5.9578278269744049E-020
   7.0000000000000000        7.0581826442804612E-020   6.9860170215759426E-020
   6.7999999999999972        8.2409724425781522E-020   8.1664998387197687E-020
   6.5999999999999979        9.5900495747419682E-020   9.5134502414747239E-020
   6.3999999999999986        1.1118289214315668E-019   1.1039822469833224E-019
   6.1999999999999993        1.2836284129507826E-019   1.2756247208231821E-019
   6.0000000000000000        1.4750983033292254E-019   1.4669665096159376E-019
   5.7999999999999972        1.6864364578455102E-019   1.6782111453927475E-019
   5.5999999999999979        1.9198847498945037E-019   1.9088906205846371E-019
   5.3999999999999986        2.1736468639844722E-019   2.1576890867075554E-019
   5.1999999999999993        2.4451727190696026E-019   2.4222705028575574E-019
   5.0000000000000000        2.7311841324486781E-019   2.6990975204670926E-019
   4.7999999999999972        3.0271010603274564E-019   2.9832764854412916E-019
   4.5999999999999979        3.3267509969559100E-019   3.2685209776299947E-019
   4.3999999999999986        3.6221468570064539E-019   3.5470030613929874E-019
   4.1999999999999993        3.9036191487346146E-019   3.8095905705860151E-019
   4.0000000000000000        4.1601830109877684E-019   4.0458664573146299E-019
   3.7999999999999972        4.3793108022447459E-019   4.2446672419197285E-019
   3.5999999999999979        4.5416140956716249E-019   4.3943603027341527E-019
   3.3999999999999986        4.6366175057518676E-019   4.4838318922756242E-019
   3.1999999999999993        4.6567550891268289E-019   4.5028652153889538E-019
   3.0000000000000000        4.5953691356524582E-019   4.4434879573757366E-019
   2.7999999999999972        4.4482142269101589E-019   4.3005832158808194E-019
   2.5999999999999979        4.2147529243219690E-019   4.0730971497476281E-019
   2.3999999999999986        3.8988479489252487E-019   3.7646822906918276E-019
   2.1999999999999993        3.5095116813065450E-019   3.3839432623431984E-019
   2.0000000000000000        3.0610851450927933E-019   2.9450607892158947E-019
   1.7999999999999972        2.5727105272242806E-019   2.4669574371988600E-019
   1.5999999999999979        2.0674871655099069E-019   1.9724930545429198E-019
   1.3999999999999986        1.5672642300725268E-019   1.4867444886560744E-019
   1.1999999999999993        1.1079880744925226E-019   1.0350254106253511E-019
   1.0000000000000000        7.0237466645662835E-020   6.4022203054549531E-020
  0.79999999999999716        3.7196911861726777E-020   3.2014396724098342E-020
  0.59999999999999787        1.2726626670718458E-020   8.5012014947772402E-021
  0.39999999999999858        0.0000000000000000        0.0000000000000000     
  0.19999999999999929        0.0000000000000000        0.0000000000000000     
   0.0000000000000000        4.6547154432061470E-019   4.6692584416773483E-019
   29.800000000000001        4.7988381490784146E-029   4.7988381490784146E-029
   29.600000000000001        6.0013212678187858E-029   6.0013212678187858E-029
   29.399999999999999        7.4972166501320788E-029   7.4972166501320788E-029
   29.199999999999999        9.3561542699159944E-029   9.3561542699159944E-029
   29.000000000000000        1.1663815028224516E-028   1.1663815028224516E-028
   28.800000000000001        1.4525519996600325E-028   1.4525519996600325E-028
   28.600000000000001        1.8070657237970180E-028   1.8070657237970180E-028
   28.399999999999999        2.2457615779663134E-028   2.2457615779663134E-028
   28.199999999999999        2.7881153871808715E-028   2.7881153871808715E-028
   28.000000000000000        3.4578989240552601E-028   3.4578989240552601E-028
   27.800000000000001        0.0000000000000000        4.2842190046804836E-028
   27.600000000000001        0.0000000000000000        5.3194537043981437E-028
   27.399999999999999        0.0000000000000000        6.5399773709257640E-028
   27.199999999999999        0.0000000000000000        8.0987747829189651E-028
   27.000000000000000        0.0000000000000000        9.9938569833828863E-028
   26.800000000000001        0.0000000000000000        1.2320174601276674E-027
   26.600000000000001        0.0000000000000000        1.5173059339021244E-027
   26.399999999999999        0.0000000000000000        1.8668298758413331E-027
   26.199999999999999        0.0000000000000000        2.2946396756284142E-027
   26.000000000000000        0.0000000000000000        2.8177690543635489E-027
   25.800000000000001        0.0000000000000000        3.4568493388955382E-027
   25.600000000000001        0.0000000000000000        4.2368473830495403E-027
   25.399999999999999        0.0000000000000000        5.1879508287642470E-027
   25.199999999999999        0.0000000000000000        6.3466280240008469E-027
   25.000000000000000        0.0000000000000000        7.7568960360874834E-027
   24.800000000000001        0.0000000000000000        9.4718387936516018E-027
   24.600000000000001        0.0000000000000000        1.1555423154698477E-026
   24.399999999999999        0.0000000000000000        1.4084665991657567E-026
   24.199999999999999        0.0000000000000000        1.7152219217222777E-026
   24.000000000000000        0.0000000000000000        2.0869458707615964E-026
   23.800000000000001        0.0000000000000000        2.5370169724219419E-026
   23.600000000000001        0.0000000000000000        3.0814932907246504E-026
   23.399999999999999        0.0000000000000000        3.7396346719041984E-026
   23.199999999999999        0.0000000000000000        4.5345256973376226E-026
   23.000000000000000        0.0000000000000000        5.4938162859906049E-026
   22.800000000000001        0.0000000000000000        6.6506010591759993E-026
   22.600000000000001        0.0000000000000000        8.0444661559019767E-026
   22.399999999999999        0.0000000000000000        9.7227341770717449E-026
   22.199999999999999        0.0000000000000000        1.1741940027746650E-025
   22.000000000000000        0.0000000000000000        1.4169584183284644E-025
   21.799999999999997        0.0000000000000000        1.7086218337562951E-025
   21.600000000000001        0.0000000000000000        2.0587917107522312E-025
   21.399999999999999        0.0000000000000000        2.4789206543970849E-025
   21.199999999999999        0.0000000000000000        2.9826545792295495E-025
   21.000000000000000        0.0000000000000000        3.5862452232498742E-025
   20.799999999999997        0.0000000000000000        4.3090381731807165E-025
   20.600000000000001        0.0000000000000000        5.1740561392253606E-025
   20.399999999999999        0.0000000000000000        6.2086713024167080E-025
   20.199999999999999        0.0000000000000000        7.4454433895227594E-025
   20.000000000000000        0.0000000000000000        8.9230647887696289E-025
   19.799999999999997        0.0000000000000000        1.0687513646976005E-024
   19.600000000000001        0.0000000000000000        1.2793405261701997E-024
   19.399999999999999        0.0000000000000000        1.5305599692961222E-024
   19.199999999999999        0.0000000000000000        1.8301104405035524E-024
   19.000000000000000        0.0000000000000000        2.1871329109943569E-024
   18.799999999999997        0.0000000000000000        2.6124764974861187E-024
   18.600000000000001        0.0000000000000000        3.1190149411446645E-024
   18.399999999999999        0.0000000000000000        3.7220232580620770E-024
   18.199999999999999        0.0000000000000000        4.4396240331270941E-024
   18.000000000000000        0.0000000000000000        5.2933151547701548E-024
   17.799999999999997        0.0000000000000000        6.3085973459435709E-024
   17.600000000000001        0.0000000000000000        7.5157201475693755E-024
   17.399999999999999        0.0000000000000000        8.9505672110593468E-024
   17.199999999999999        0.0000000000000000        1.0655708185119275E-023
   17.000000000000000        0.0000000000000000        1.2681644709303231E-023
   16.799999999999997        0.0000000000000000        1.5088297493011314E-023
   16.600000000000001        0.0000000000000000        1.7946764278966035E-023
   16.399999999999999        0.0000000000000000        2.1341418030565255E-023
   16.199999999999999        0.0000000000000000        2.5372406394764127E-023
   16.000000000000000        0.0000000000000000        3.0158625037520834E-023
   15.799999999999999        0.0000000000000000        3.5841262631071287E-023
   15.600000000000000        0.0000000000000000        4.2588003882011627E-023
   15.399999999999999        0.0000000000000000        5.0598026304576357E-023
   15.199999999999999        0.0000000000000000        6.0108016435450727E-023
   15.000000000000000        0.0000000000000000        7.1399294700109577E-023
   14.799999999999999        0.0000000000000000        8.4806338512954529E-023
   14.600000000000000        0.0000000000000000        1.0072695511424197E-022
   14.399999999999999        0.0000000000000000        1.1963444800744030E-022
   14.199999999999999        0.0000000000000000        1.4209212393957452E-022
   14.000000000000000        0.0000000000000000        1.6877063561694670E-022
   13.800000000000001        0.0000000000000000        2.0046869005169818E-022
   13.599999999999998        0.0000000000000000        2.3813792721790319E-022
   13.399999999999999        0.0000000000000000        2.8291248727163685E-022
   13.199999999999999        0.0000000000000000        3.3614434371566019E-022
   13.000000000000000        0.0000000000000000        3.9944591795850883E-022
   12.800000000000001        0.0000000000000000        4.7474113253707843E-022
   12.599999999999998        0.0000000000000000        5.6432595554569965E-022
   12.399999999999999        0.0000000000000000        6.7094026257942300E-022
   12.199999999999999        0.0000000000000000        7.9785458694309795E-022
   12.000000000000000        0.0000000000000000        9.4897394898578801E-022
   11.800000000000001        0.0000000000000000        1.1290938525149555E-021
   11.599999999999998        0.0000000000000000        1.3432526848118548E-021
   11.399999999999999        0.0000000000000000        1.5988798793939939E-021
   11.199999999999999        0.0000000000000000        1.9033851934190547E-021
   11.000000000000000        0.0000000000000000        2.2663504400600230E-021
   10.799999999999997        0.0000000000000000        2.6990468207518608E-021
   10.599999999999998        0.0000000000000000        3.2148942770696459E-021
   10.399999999999999        0.0000000000000000        3.8298038045467785E-021
   10.199999999999999        0.0000000000000000        4.5629288544889462E-021
   10.000000000000000        0.0000000000000000        5.4364563014571982E-021
   9.7999999999999972        0.0000000000000000        6.4771746412468696E-021
   9.5999999999999979        0.0000000000000000        7.7164218094788382E-021
   9.3999999999999986        0.0000000000000000        9.1911078390995877E-021
   9.1999999999999993        1.1359333840665383E-020   1.0944503322014700E-020
   9.0000000000000000        1.3469464567784301E-020   1.3027135368036627E-020
   8.7999999999999972        1.5968123769317806E-020   1.5497683521895344E-020
   8.5999999999999979        1.8922920089892991E-020   1.8423880543390105E-020
   8.3999999999999986        2.2411406508462671E-020   2.1883437315080153E-020
   8.1999999999999993        2.6521838454819306E-020   2.5964787819255719E-020
   8.0000000000000000        3.1353675005661056E-020   3.0767592146919654E-020
   7.7999999999999972        3.7017848797095640E-020   3.6402992895404525E-020
   7.5999999999999979        4.3636504573770202E-020   4.2993427960351521E-020
   7.3999999999999986        5.1342053137752218E-020   5.0671558352571834E-020
   7.1999999999999993        6.0275099544521234E-020   5.9578278269744049E-020
   7.0000000000000000        7.0581846553151505E-020   6.9860170215759426E-020
   6.7999999999999972        8.2409741988028151E-020   8.1664998387197687E-020
   6.5999999999999979        9.5900510990167804E-020   9.5134502414747239E-020
   6.3999999999999986        1.1118290530466586E-019   1.1039822469833224E-019
   6.1999999999999993        1.2836285260462310E-019   1.2756247208231821E-019
   6.0000000000000000        1.4750984001273814E-019   1.4669665096159376E-019
   5.7999999999999972        1.6864365401952444E-019   1.6782111453927475E-019
   5.5999999999999979        1.9198848185183724E-019   1.9088906205846371E-019
   5.3999999999999986        2.1736469296511819E-019   2.1576890867075554E-019
   5.1999999999999993        2.4451727830202258E-019   2.4222705028575574E-019
   5.0000000000000000        2.7311841931346219E-019   2.6990975204670926E-019
   4.7999999999999972        3.0271011159303890E-019   2.9832764854412916E-019
   4.5999999999999979        3.3267510457385527E-019   3.2685209776299947E-019
   4.3999999999999986        3.6221468973189087E-019   3.5470030613929874E-019
   4.1999999999999993        3.9036191798855333E-019   3.8095905705860151E-019
   4.0000000000000000        4.1601830326542535E-019   4.0458664573146299E-019
   3.7999999999999972        4.3793108150187507E-019   4.2446672419197285E-019
   3.5999999999999979        4.5416141031255544E-019   4.3943603027341527E-019
   3.3999999999999986        4.6366175103173163E-019   4.4838318922756242E-019
   3.1999999999999993        4.6567550919858045E-019   4.5028652153889538E-019
   3.0000000000000000        4.5953691374664030E-019   4.4434879573757366E-019
   2.7999999999999972        4.4482142280903226E-019   4.3005832158808194E-019
   2.5999999999999979        4.2147529249541314E-019   4.0730971497476281E-019
   2.3999999999999986        3.8988479492366090E-019   3.7646822906918276E-019
   2.1999999999999993        3.5095116814233696E-019   3.3839432623431984E-019
   2.0000000000000000        3.0610851450924317E-019   2.9450607892158947E-019
   1.7999999999999972        2.5727105271561417E-019   2.4669574371988600E-019
   1.5999999999999979        2.0674871654060943E-019   1.9724930545429198E-019
   1.3999999999999986        1.5672642299638524E-019   1.4867444886560744E-019
   1.1999999999999993        1.1079880743702246E-019   1.0350254106253511E-019
   1.0000000000000000        7.0237466633791908E-020   6.4022203054549531E-020
  0.79999999999999716        3.7196911850571183E-020   3.2014396724098342E-020
  0.59999999999999787        1.2726626660352511E-020   8.5012014947772402E-021
  0.39999999999999858        0.0000000000000000        0.0000000000000000     
  0.19999999999999929        0.0000000000000000        0.0000000000000000     
   0.0000000000000000        4.6547154432429178E-019   4.6692584416773483E-019
